device_age_days,utility_sms_count,battery_deaths_weekly,saved_contacts_ratio,financial_apps_count,average_monthly_balance,lifetime_emi_bounces,loan_default_status
376,0,0,0.6236,5,1677.74,0,0
510,22,1,0.029,3,5954.2,0,1
330,0,1,0.0484,2,18489.84,2,0
296,0,1,0.4001,2,34635.61,3,1
554,26,1,0.7436,2,7238.82,0,0
315,15,5,0.3068,1,29655.57,0,1
422,17,0,0.2682,2,8167.26,2,1
394,27,0,0.1679,0,464.7,1,0
553,22,0,0.1389,4,1584.52,0,0
259,17,4,0.5133,5,13213.31,0,1
683,21,1,0.1125,2,922.46,1,0
211,28,2,0.3166,6,1632.55,3,0
441,26,0,0.2768,2,1300.34,0,0
406,26,4,0.2282,2,6296.61,2,0
196,19,5,0.4016,3,10767.0,1,1
467,0,2,0.2786,7,1041.19,1,0
274,24,2,0.267,4,20041.27,3,0
146,0,1,0.069,7,8189.84,0,0
507,0,0,0.5574,1,1656.37,2,1
101,0,1,0.223,5,8477.93,0,0
170,0,2,0.1819,0,3264.08,1,0
327,22,0,0.5123,0,3208.79,2,0
551,22,3,0.383,2,1767.79,3,0
487,25,0,0.2638,3,7916.53,0,0
372,32,1,0.4417,1,5983.49,1,0
72,32,1,0.1627,3,5914.53,0,0
203,0,1,0.303,1,6944.75,2,1
240,0,2,0.1309,6,10727.18,0,0
140,22,2,0.3489,1,6359.5,1,1
54,31,0,0.2936,5,744.98,0,0
339,31,2,0.3879,0,7630.35,0,0
497,26,0,0.1423,3,2530.39,1,1
226,20,0,0.0987,2,31114.58,1,1
546,18,1,0.2112,4,13495.82,1,0
90,21,1,0.1702,2,26461.92,0,0
133,0,2,0.277,1,4193.65,1,0
334,34,1,0.1185,5,23561.96,1,0
211,21,1,0.182,3,2108.37,1,1
470,23,2,0.3303,2,7888.93,2,0
419,28,2,0.2801,4,2711.05,0,1
223,32,2,0.0702,3,16527.62,2,1
99,19,0,0.2175,2,63802.03,2,1
203,28,1,0.2621,3,12309.07,1,0
426,0,3,0.0499,3,1344.9,2,0
482,19,1,0.3611,3,3592.78,2,0
211,30,1,0.0392,2,317911.74,1,0
53,20,1,0.1708,3,21644.24,2,0
85,23,3,0.1952,4,3200.79,1,0
402,28,0,0.2079,5,24412.64,0,0
220,30,0,0.7271,5,9390.75,0,0
224,23,1,0.2375,3,189188.27,2,0
131,27,1,0.3114,3,8813.0,5,0
128,35,0,0.1647,4,5961.52,3,0
540,23,0,0.4015,6,7428.81,0,0
412,25,1,0.1595,4,5082.3,0,1
182,0,0,0.768,3,3433.33,0,0
317,27,1,0.2783,1,2100.89,0,0
357,0,2,0.2511,3,4556.77,1,0
847,0,0,0.6934,3,20388.32,1,0
119,24,0,0.0738,7,5954.4,1,0
354,26,0,0.2952,1,4055.93,3,1
538,13,2,0.0707,2,1650.63,1,1
784,20,1,0.4984,2,18869.99,1,0
174,0,1,0.2643,2,55890.96,0,0
218,0,2,0.2813,7,2930.18,1,0
473,0,1,0.3316,8,3771.13,1,0
71,0,0,0.3752,3,2682.29,0,0
378,22,0,0.1685,1,21639.08,2,0
1044,20,0,0.0686,3,28287.27,2,0
406,18,0,0.0808,1,9738.35,0,0
27,0,1,0.3126,3,1946.41,1,0
147,27,1,0.2088,4,12940.91,1,1
179,0,0,0.4469,3,10733.7,0,0
622,24,0,0.2667,3,12092.87,0,0
264,28,0,0.231,4,2313.63,0,0
54,0,1,0.4775,1,2133.56,0,1
287,19,0,0.3974,2,1155.03,0,0
331,37,2,0.3005,1,32308.58,2,0
198,28,2,0.3062,2,33570.15,0,0
126,22,3,0.0696,3,1161.87,2,0
1116,23,2,0.434,3,3110.47,0,0
540,0,3,0.4206,3,3129.37,1,0
572,0,3,0.2537,2,24125.64,1,0
265,29,0,0.4679,4,8990.39,1,0
172,27,3,0.484,1,51573.6,1,1
206,18,0,0.4328,3,5712.58,1,0
90,28,0,0.2393,6,1623.33,1,0
836,30,0,0.355,4,3348.85,0,0
273,22,3,0.2678,2,2718.35,2,1
717,0,3,0.184,2,28624.33,0,0
214,18,1,0.29,3,81404.61,2,0
411,34,0,0.7016,4,14594.5,2,0
344,25,2,0.0534,4,3510.6,0,0
81,26,3,0.3854,3,11024.92,1,1
905,0,0,0.5341,4,1143.45,1,0
219,23,2,0.179,3,6369.94,1,0
109,28,0,0.1055,5,1087.44,1,1
475,0,0,0.1368,0,14431.14,0,1
298,0,0,0.6996,1,6635.69,1,0
385,26,2,0.6094,2,21670.48,1,0
321,21,2,0.3648,2,19737.14,0,1
31,38,0,0.4235,4,4162.27,0,0
143,0,2,0.4458,2,27385.37,2,1
138,33,0,0.1463,2,1957.46,0,0
567,0,1,0.581,0,191451.91,0,0
307,0,2,0.2501,2,1622.32,0,0
428,36,2,0.2067,4,19820.02,0,0
230,29,0,0.2128,5,36035.93,0,0
443,24,2,0.257,2,10058.02,0,1
265,20,2,0.5543,2,2345.58,1,0
250,0,0,0.269,3,3200.19,0,0
342,0,0,0.1035,2,2376.43,0,0
321,22,2,0.1388,1,8054.42,2,1
1347,0,0,0.4356,4,20961.31,0,0
142,0,2,0.3765,1,14478.57,2,1
72,11,1,0.5398,3,8661.45,0,1
379,0,0,0.3144,2,1516.31,2,0
160,27,0,0.0868,0,62401.99,0,0
26,20,2,0.4813,4,6567.67,0,0
114,0,5,0.4742,2,5134.98,0,0
1162,25,0,0.1332,5,10687.23,0,0
138,26,1,0.588,4,1107.74,0,0
48,24,1,0.1136,4,7558.09,1,0
1116,0,2,0.2026,2,6306.24,1,0
110,22,2,0.0061,2,6597.87,1,0
1608,0,2,0.1912,0,35048.45,2,0
222,29,1,0.4632,5,1807.59,0,0
907,0,0,0.1696,3,7735.31,1,0
246,27,2,0.3692,2,3868.19,2,0
412,0,1,0.2902,2,6254.52,2,0
269,25,1,0.1881,5,21985.62,0,0
247,32,1,0.1942,4,6943.85,0,0
357,34,4,0.2635,2,5828.48,0,0
423,21,0,0.1913,4,483.39,0,0
337,23,0,0.0163,1,20773.82,2,0
312,24,1,0.2872,6,1155.4,3,1
161,19,1,0.6015,7,4605.92,0,1
277,30,0,0.465,5,2899.5,0,0
834,0,1,0.3021,1,524.52,0,0
155,22,1,0.3267,4,9573.55,0,1
364,0,0,0.3339,3,4884.43,4,0
670,0,0,0.3657,5,15004.59,3,0
425,0,1,0.3431,1,15574.12,0,0
571,27,2,0.1391,5,16952.49,0,0
108,30,0,0.5208,0,14890.01,0,0
365,22,1,0.3335,3,14641.4,0,1
237,0,2,0.2182,1,25481.76,2,0
245,25,0,0.2872,2,12463.15,1,0
788,29,2,0.1446,1,10482.07,0,0
248,24,1,0.24,7,6629.69,0,0
374,0,2,0.1811,1,11041.06,1,0
48,22,0,0.2688,3,15120.38,0,0
907,22,2,0.4577,5,14601.18,0,0
548,41,1,0.3584,3,6531.17,0,0
285,19,0,0.3449,5,103397.46,2,0
228,0,0,0.0162,3,50897.9,2,0
456,30,2,0.3292,5,3028.91,2,1
665,0,0,0.1537,4,8020.56,0,0
915,24,1,0.0614,3,55992.83,1,0
536,28,2,0.3916,1,2796.47,1,0
315,0,2,0.2772,2,1837.83,0,1
593,30,2,0.1353,4,200980.87,0,0
520,0,0,0.1332,2,4519.4,1,1
316,0,1,0.2365,3,717.54,1,0
510,28,2,0.0128,4,3017.63,0,0
503,30,1,0.2504,3,4842.87,1,0
284,38,0,0.4114,3,21388.66,2,0
194,25,0,0.1365,6,8428.12,0,0
473,0,1,0.3553,3,1489.72,2,0
120,27,1,0.5603,2,238.22,1,1
96,20,0,0.2624,5,14549.68,0,1
378,0,0,0.492,1,8699.5,0,0
464,23,2,0.2112,5,34391.98,1,1
376,30,2,0.1241,2,3767.02,1,0
406,0,0,0.2104,4,5831.92,0,0
459,21,2,0.202,4,4217.53,3,0
790,21,1,0.2772,3,3860.4,5,0
542,0,4,0.2178,2,12759.3,0,0
531,22,1,0.4508,2,4649.67,1,0
357,0,0,0.4444,2,1066.39,0,0
367,0,0,0.2475,1,38868.71,0,0
267,31,3,0.2181,1,10478.55,1,0
398,23,0,0.1022,2,17726.83,2,0
115,0,1,0.5686,3,38778.49,2,0
792,20,1,0.103,2,6263.67,2,0
146,22,4,0.5469,2,6302.56,1,1
542,30,0,0.2868,1,2204.42,2,0
726,20,1,0.0988,3,22523.84,0,0
541,28,1,0.3382,2,1248.23,0,0
1231,28,2,0.1596,3,10239.55,1,0
33,33,2,0.5028,4,15057.36,0,0
205,26,2,0.0644,1,1655.2,0,0
718,20,2,0.4707,1,35380.01,1,0
93,27,1,0.343,8,746.75,0,0
150,0,2,0.1091,4,1644.95,0,0
439,0,2,0.0465,5,7775.53,1,0
312,24,4,0.2144,3,19062.26,0,0
419,28,0,0.2207,2,1569.39,0,0
333,22,0,0.4282,2,19306.74,2,0
356,27,1,0.0523,4,21615.54,1,0
164,0,2,0.0277,2,5042.56,1,1
348,0,1,0.7169,1,9478.92,0,0
217,18,0,0.3702,4,32900.09,1,0
242,26,1,0.555,2,50584.32,0,0
536,29,0,0.4076,7,4361.87,1,0
88,0,3,0.1113,1,2981.9,2,0
18,26,0,0.3151,3,6690.25,0,0
510,17,0,0.5277,3,2213.95,1,0
348,0,0,0.531,4,36365.47,1,0
726,0,1,0.0748,2,14567.15,1,0
154,21,1,0.3386,6,8063.18,1,0
277,24,1,0.1889,5,31000.4,0,0
321,17,0,0.0268,4,20495.39,1,1
181,32,0,0.3427,0,26088.38,0,0
137,17,3,0.1471,4,15772.06,0,0
528,0,2,0.6682,4,44286.22,0,0
79,33,4,0.2425,1,1564.62,0,0
117,36,0,0.3601,1,15165.96,1,0
270,27,0,0.3338,3,53397.87,0,0
571,29,0,0.0831,3,5536.94,1,0
192,24,0,0.3583,1,4079.7,3,0
172,0,1,0.5071,1,5203.65,1,0
258,17,3,0.3937,2,8122.61,0,0
392,27,0,0.0939,5,29642.99,0,0
227,0,2,0.4068,4,8160.23,0,0
622,30,1,0.3647,1,31538.28,0,0
640,20,2,0.2418,3,14468.46,1,0
270,0,1,0.1662,1,24942.78,0,0
1020,22,1,0.4958,2,8590.81,0,0
316,19,3,0.1394,7,6053.07,0,0
626,24,0,0.6409,3,1644.71,1,0
384,27,1,0.3792,3,438.06,0,0
379,20,1,0.0491,2,5058.71,1,1
61,33,2,0.3668,3,390.8,0,0
108,29,1,0.2891,5,7237.99,1,1
236,0,0,0.2586,5,17915.47,3,0
637,31,1,0.2304,1,8336.14,1,0
388,0,0,0.5145,2,272.69,0,0
238,19,0,0.1851,4,4869.03,1,0
468,25,2,0.2364,2,15148.94,1,0
621,37,4,0.4916,5,36279.78,0,0
301,26,0,0.3345,4,14802.12,1,0
354,19,4,0.2551,4,7853.72,1,0
321,27,1,0.3247,5,13863.5,1,0
286,0,2,0.117,1,72147.89,0,1
152,20,2,0.155,3,8151.48,0,1
142,0,0,0.3257,2,1324.63,0,0
466,29,0,0.0782,3,4493.4,1,0
629,20,1,0.5533,4,3221.61,0,0
238,21,1,0.0654,5,1952.12,1,0
233,0,1,0.1596,5,3355.95,0,0
43,27,1,0.2417,4,216149.92,1,0
34,18,1,0.2449,6,2311.76,0,1
741,26,0,0.1787,4,4297.05,0,0
161,30,2,0.5365,2,223855.94,0,0
1287,21,1,0.4176,2,15537.38,0,0
187,0,0,0.0346,4,11781.51,2,0
63,28,4,0.4943,4,14819.04,1,1
323,24,0,0.2873,5,9747.85,0,0
523,0,2,0.3047,1,4434.54,1,0
483,32,1,0.5917,1,11400.55,1,0
560,45,1,0.1924,3,14965.04,1,0
126,20,0,0.6505,4,1017.34,0,0
729,17,1,0.4292,3,4467.35,1,0
758,19,3,0.3802,2,1007.02,0,0
781,26,0,0.4265,2,2622.98,0,0
364,24,1,0.0527,3,14442.43,0,0
223,39,2,0.3491,5,4604.97,0,0
207,26,2,0.2511,2,5790.97,1,0
63,23,2,0.4691,2,294.15,0,1
191,24,0,0.4045,2,1525.55,2,0
16,0,2,0.288,1,1911.89,0,0
53,0,1,0.4534,4,983.64,1,0
361,37,2,0.0523,5,9696.91,0,1
244,21,0,0.3323,3,8533.28,2,0
349,28,5,0.3748,4,21184.4,0,0
496,24,0,0.2123,4,37201.88,0,0
398,21,2,0.0088,4,42072.15,3,0
374,20,1,0.602,6,12386.8,2,0
280,28,1,0.0156,1,10180.12,2,1
156,25,1,0.2297,3,11359.88,0,0
93,0,0,0.1847,4,2400.0,1,0
195,22,1,0.4217,2,11217.37,0,1
283,0,0,0.0722,4,4368.32,0,0
312,22,3,0.517,4,1852.88,2,0
561,25,0,0.2262,4,936.68,0,0
264,21,3,0.1677,2,442.13,2,0
446,27,2,0.4591,3,5955.22,1,0
73,22,3,0.3879,2,3574.69,2,0
365,0,2,0.196,2,3287.1,0,0
346,28,1,0.1083,5,2021.28,1,0
729,0,0,0.3053,3,4120.98,1,0
245,24,2,0.2873,4,2168.89,0,0
236,20,0,0.2276,3,9047.69,0,0
498,23,0,0.3435,4,19613.04,0,0
101,36,0,0.5811,4,4506.84,0,0
358,30,0,0.2649,5,29908.66,2,0
96,9,0,0.0765,5,3189.28,0,1
953,0,1,0.2018,3,798.88,1,0
211,22,1,0.3157,4,41536.55,2,0
89,25,1,0.075,2,696.33,0,0
194,23,0,0.1068,4,4135.64,1,0
359,15,1,0.3947,3,20742.27,0,0
436,0,1,0.3836,0,35837.53,1,0
704,0,2,0.6196,1,6667.02,2,1
175,25,0,0.1429,0,4071.57,0,0
514,0,2,0.341,4,100684.13,1,0
54,42,1,0.2152,3,24415.24,2,0
118,22,1,0.5346,3,29467.79,0,0
75,16,2,0.5572,3,14316.3,1,1
148,25,2,0.206,2,16725.7,1,0
498,23,0,0.0276,1,11033.41,2,0
178,21,1,0.1621,2,6915.8,0,0
208,25,3,0.4677,2,875.88,0,0
366,34,1,0.2519,3,1622.5,1,0
423,24,1,0.2777,2,18252.04,0,0
214,30,1,0.3438,1,34242.87,0,0
117,36,1,0.3354,5,10049.6,2,1
851,20,1,0.526,4,2157.48,0,0
215,0,3,0.3219,3,10306.34,1,0
233,0,1,0.2676,5,12740.68,2,0
257,31,2,0.2688,2,822.5,1,1
455,20,1,0.0493,3,49052.77,0,0
69,0,1,0.1852,2,22771.47,2,1
1074,0,1,0.2689,1,2262.85,3,0
228,23,3,0.2124,3,7313.85,0,0
466,20,2,0.0213,5,5428.57,4,1
90,20,1,0.5145,1,37995.32,2,0
339,0,1,0.2258,3,4092.02,3,0
966,18,1,0.1593,6,1922.17,3,0
878,25,0,0.157,0,7016.94,0,0
458,30,2,0.1367,4,2306.81,2,0
139,38,2,0.4139,5,25718.65,2,1
679,21,0,0.1286,1,7213.48,1,0
53,19,2,0.3339,5,1937.3,1,1
135,16,0,0.5777,3,3339.56,0,0
281,30,0,0.1526,5,4592.77,1,0
59,34,4,0.3487,3,5487.11,2,1
194,16,3,0.6258,2,1111.68,4,0
521,16,0,0.3334,1,1966.53,0,0
162,29,2,0.5576,4,10975.33,1,0
539,0,1,0.2341,8,36851.63,1,0
1264,0,3,0.3452,2,4261.06,0,0
399,29,2,0.3723,5,8853.35,0,0
532,13,1,0.2028,5,130257.49,1,0
695,19,2,0.4195,6,10570.66,0,0
209,0,2,0.4607,3,763.44,0,0
523,29,2,0.0549,5,15533.21,0,0
205,0,2,0.4516,3,10247.22,0,0
379,21,1,0.1491,2,4692.97,0,0
580,22,2,0.6248,4,2029.49,2,0
145,26,2,0.5989,1,21171.04,2,0
19,29,1,0.0821,6,303.7,1,0
133,0,2,0.0528,1,4735.01,0,1
640,22,3,0.0867,4,5152.25,1,1
118,25,1,0.2458,2,3386.97,0,1
615,27,1,0.1124,4,6953.27,2,0
134,0,1,0.1772,1,1773.16,0,0
251,26,2,0.3486,0,15403.43,1,0
296,0,0,0.1759,6,263711.45,0,0
118,0,2,0.1198,6,2681.47,2,0
253,0,2,0.4416,1,13060.83,2,1
63,0,1,0.2102,2,9635.09,1,1
225,0,1,0.3586,7,10242.24,1,0
278,25,1,0.2416,3,4584.02,2,0
20,0,0,0.3513,1,8129.92,1,1
132,22,1,0.046,2,10375.73,1,0
370,16,1,0.5818,4,21081.6,1,1
105,30,1,0.1554,0,19382.52,0,1
416,28,1,0.2482,2,37643.34,1,0
446,16,2,0.2549,2,3337.64,1,0
369,0,1,0.0595,3,10061.63,1,0
519,17,1,0.3863,2,6703.22,1,0
59,30,4,0.303,3,22547.21,0,0
598,21,0,0.3912,4,1235.7,3,0
119,27,0,0.5429,4,30052.45,0,0
323,18,1,0.0221,0,11838.4,1,1
941,35,2,0.2213,8,34178.68,0,0
221,30,0,0.3604,5,8565.63,0,0
302,24,1,0.0676,2,6513.9,0,0
120,28,1,0.004,4,3663.26,1,0
935,25,2,0.552,2,4968.29,1,0
132,25,0,0.6766,1,709.08,1,0
474,22,1,0.098,1,6652.92,0,0
694,27,4,0.3101,6,4286.83,0,0
506,0,2,0.445,4,9019.94,0,0
386,0,2,0.3102,3,3475.39,0,0
319,24,1,0.1523,2,12291.65,1,1
90,0,1,0.5391,2,6870.63,2,1
907,24,1,0.2629,1,899.69,0,0
363,29,4,0.0904,5,8537.79,0,0
302,38,1,0.1562,3,21633.52,1,0
110,26,2,0.4959,2,23627.71,2,1
314,22,0,0.4697,0,2766.69,1,0
288,27,1,0.3603,4,1320.94,0,0
941,0,2,0.2335,2,29844.53,2,0
302,25,2,0.0547,3,13243.41,0,1
310,0,0,0.1268,4,2519.63,1,0
112,17,0,0.371,3,2960.63,0,0
157,29,2,0.5772,4,8356.62,2,0
435,22,1,0.0886,4,22606.38,1,0
46,32,0,0.44,3,5390.73,2,1
595,17,0,0.0833,5,1345.91,0,0
607,28,2,0.4109,0,817.8,2,0
143,23,0,0.486,2,3021.16,0,0
387,25,2,0.3667,1,2958.67,1,0
709,0,0,0.3884,2,2105.94,0,0
270,23,1,0.251,3,43914.99,0,0
231,0,0,0.1656,3,1228.99,0,0
255,34,2,0.0306,3,3310.95,1,0
362,22,0,0.4019,3,105830.44,1,0
176,0,0,0.2572,3,3079.0,0,0
215,25,2,0.4463,7,7920.38,1,0
368,0,1,0.5844,3,44032.82,1,0
201,0,2,0.7116,3,7008.01,1,0
102,0,1,0.1512,2,12842.7,0,1
42,0,1,0.5704,4,3617.23,1,0
307,22,1,0.3016,1,2846.3,1,0
679,22,1,0.1649,3,1170.63,1,0
401,17,1,0.5047,1,6245.37,0,0
106,23,0,0.1688,3,12714.62,2,1
156,23,1,0.3296,1,82692.66,0,0
230,25,1,0.0963,2,4227.16,0,1
961,33,1,0.2565,4,33950.85,2,0
996,0,0,0.3046,5,24844.45,0,0
919,26,0,0.1515,0,3332.65,1,0
331,26,1,0.23,4,8389.06,1,0
1810,0,3,0.257,1,8509.78,1,0
163,26,1,0.1947,4,1534.76,0,0
223,22,1,0.0741,1,5986.85,2,0
564,23,3,0.0596,1,2947.41,0,0
369,25,2,0.1739,2,6138.04,1,1
385,29,3,0.1954,5,6658.26,1,0
124,36,0,0.2429,4,7609.03,2,1
286,27,0,0.2949,2,3921.5,0,0
165,0,0,0.0734,5,2266.55,1,0
83,28,1,0.6019,2,967.69,0,0
183,25,2,0.2856,2,24703.58,0,1
369,18,1,0.6218,2,8294.02,1,0
501,18,0,0.2015,4,27562.63,3,1
40,21,1,0.1379,3,6691.9,0,1
297,33,0,0.5253,3,7883.42,1,0
276,0,2,0.5744,4,5806.99,1,0
355,33,1,0.156,1,5183.1,1,0
108,0,1,0.2492,7,10707.83,2,0
110,33,0,0.0221,3,5596.93,0,1
692,0,1,0.1522,3,25558.64,1,0
145,27,0,0.2693,6,42578.55,1,0
214,17,3,0.6335,4,38463.43,1,1
233,22,1,0.1426,1,51460.6,1,1
168,29,1,0.0643,2,2042.71,1,0
425,25,2,0.1993,3,34187.59,0,0
399,28,0,0.3525,4,8993.54,1,0
267,0,0,0.1119,6,9140.84,2,0
177,32,1,0.0372,3,3415.32,1,0
250,0,1,0.4133,3,5151.61,0,0
316,29,1,0.3196,1,574.39,0,1
157,21,0,0.3021,5,15790.28,2,1
448,0,0,0.3142,2,6339.7,0,1
592,0,0,0.2875,2,4348.68,1,0
772,25,0,0.2112,1,40220.43,1,0
741,23,0,0.1595,6,8198.11,0,0
232,30,2,0.2691,3,2672.94,0,0
328,0,3,0.3281,2,7931.6,0,0
263,23,4,0.0385,1,63272.35,0,0
262,27,2,0.0896,3,6926.91,1,1
249,21,0,0.4495,1,21351.17,0,0
301,0,2,0.278,2,3409.51,2,1
660,19,0,0.1189,4,14667.13,1,1
377,29,1,0.5816,4,10374.88,0,0
104,30,1,0.0499,3,8117.4,3,1
575,20,0,0.7296,1,4508.83,1,0
351,18,3,0.0187,3,5770.74,2,1
429,19,0,0.1614,0,842.78,2,0
372,29,0,0.1684,7,1167.85,2,1
385,0,4,0.29,4,1249.99,1,0
398,0,0,0.1934,6,1298.96,2,0
51,27,1,0.0387,4,5758.65,0,0
425,15,2,0.3979,7,4420.34,1,1
163,25,1,0.3698,1,2280.54,0,0
200,0,2,0.3429,6,34148.17,1,0
299,0,1,0.1631,3,5831.33,0,0
854,0,4,0.1858,3,23473.16,2,0
122,19,0,0.3826,3,1372.64,0,0
291,32,0,0.2846,6,13341.72,1,0
244,25,2,0.3427,5,26262.06,0,1
570,25,1,0.0708,3,12992.89,0,0
238,0,2,0.2017,1,4718.69,2,1
354,25,2,0.3876,2,5720.66,1,1
122,0,1,0.3235,4,12095.13,0,0
636,17,1,0.5619,4,8620.61,1,0
76,25,1,0.0942,3,29858.42,0,1
421,23,0,0.4617,1,2601.78,0,0
356,0,1,0.5385,3,25546.67,0,0
395,0,2,0.3989,2,11474.61,1,0
77,28,0,0.2791,0,10222.66,1,0
235,0,2,0.3486,3,6480.34,0,0
551,16,0,0.3163,4,28798.65,0,0
939,31,1,0.2988,5,2780.64,2,0
275,0,2,0.4323,3,2026.37,0,0
515,0,2,0.4133,3,8303.15,0,0
331,0,0,0.3523,5,3521.95,0,0
286,23,1,0.0497,4,11449.71,0,1
213,20,0,0.1633,3,78549.81,1,0
300,28,0,0.2459,2,8839.27,2,0
484,21,0,0.1343,5,10225.1,0,0
512,18,0,0.4798,2,53715.78,3,0
94,0,0,0.314,7,12762.68,0,0
198,0,0,0.2142,6,28699.08,0,0
116,23,0,0.5758,6,5813.23,1,0
312,27,0,0.2064,2,7515.94,1,0
228,0,1,0.2639,3,3602.1,0,0
386,32,1,0.3476,4,13876.7,1,0
405,29,1,0.1717,5,14313.43,0,0
25,0,0,0.1221,6,18916.12,0,0
298,0,1,0.0239,3,13451.65,0,0
669,28,2,0.3539,2,6793.71,2,0
198,0,0,0.3112,4,15556.9,3,0
193,19,0,0.354,1,47178.3,0,0
592,18,4,0.2326,1,9399.53,1,0
528,30,0,0.0541,1,1634.97,0,0
128,24,1,0.3987,3,2468.48,2,1
493,23,1,0.152,3,10779.09,1,0
155,28,0,0.1338,3,2870.65,1,0
191,0,0,0.1028,1,4427.95,0,1
128,22,1,0.6043,0,4283.09,2,0
94,38,0,0.1713,0,13017.13,0,0
326,25,0,0.4926,2,54309.66,1,1
80,0,2,0.0405,4,1354.45,0,0
336,20,1,0.4858,5,27654.95,0,0
328,24,1,0.6681,5,26247.16,0,1
265,0,0,0.3115,1,11154.49,3,1
205,18,0,0.1991,3,6312.32,1,1
173,27,2,0.5371,0,20201.4,0,0
113,25,1,0.1241,6,8673.65,1,0
776,0,1,0.131,5,6676.28,2,0
256,23,3,0.0709,2,923.67,2,1
249,0,2,0.2658,1,14059.48,4,1
133,23,3,0.2166,4,43217.24,1,1
722,27,0,0.3276,6,1516.79,0,0
183,0,2,0.365,1,2799.91,0,1
360,21,1,0.1698,1,4606.27,0,0
412,28,2,0.4858,3,5788.36,1,1
326,30,2,0.3333,2,3421.57,0,0
78,19,1,0.2208,2,37032.83,4,0
478,24,0,0.2239,3,88617.12,1,0
181,20,2,0.3767,3,10539.44,0,0
525,35,1,0.1261,4,3644.1,0,0
284,0,0,0.5748,2,9797.85,1,0
430,27,1,0.3802,3,2102.87,1,0
691,24,3,0.7277,1,6263.13,3,0
466,24,1,0.5038,8,15551.78,0,0
437,26,0,0.1004,1,17695.65,1,0
494,25,5,0.3549,5,15753.52,0,0
150,26,1,0.0844,4,4592.96,0,0
540,19,3,0.2638,1,9444.48,1,0
241,0,2,0.2092,2,5290.99,0,0
247,23,1,0.1417,3,23141.77,0,1
318,0,3,0.214,3,13302.72,1,0
223,0,2,0.2007,5,59002.82,1,0
123,0,1,0.1734,3,11964.37,1,0
300,20,1,0.7415,8,2893.31,1,1
248,30,2,0.2906,2,1889.68,1,1
241,25,2,0.3882,2,9776.29,1,1
277,0,0,0.0453,6,492.72,2,0
28,35,2,0.1198,6,4960.87,1,0
242,0,1,0.3768,5,4004.62,1,0
749,27,0,0.2767,3,3080.6,1,0
710,27,2,0.2656,3,9539.08,1,0
308,0,2,0.1028,0,2325.63,1,1
300,36,0,0.1233,4,1209.81,0,0
19,26,0,0.2033,1,14494.78,2,1
190,25,3,0.51,3,5183.13,0,0
490,0,0,0.2317,2,12022.49,0,1
219,25,0,0.227,3,9913.66,1,0
608,25,0,0.4573,2,15190.95,1,0
583,29,1,0.1102,4,10387.18,0,0
187,28,0,0.1437,3,16171.57,1,0
326,0,0,0.1224,4,61431.14,1,0
788,32,1,0.3551,4,11981.07,0,0
76,24,0,0.4391,2,15743.39,0,1
223,31,2,0.1789,3,9197.71,0,0
68,0,3,0.2657,1,830.74,0,0
141,0,2,0.6461,2,6847.05,0,0
943,0,1,0.3164,3,40422.1,0,0
223,26,2,0.4098,2,14440.52,0,1
39,26,0,0.211,3,4517.22,1,0
122,26,1,0.0751,5,12604.2,1,0
60,24,2,0.2774,2,2126.36,0,0
335,0,3,0.236,5,18497.98,1,0
407,24,0,0.344,4,4509.17,0,0
545,0,0,0.5019,1,9919.17,1,0
472,0,1,0.438,3,2382.09,2,0
80,0,0,0.1691,3,10475.76,0,0
393,26,2,0.0297,1,452.7,1,1
268,27,1,0.119,5,4813.71,0,0
600,27,3,0.092,2,3227.52,0,1
510,0,0,0.1815,2,3368.65,0,0
1025,0,1,0.1814,1,130.1,0,0
132,27,0,0.5309,2,3529.35,1,1
115,0,3,0.3956,1,11036.56,1,1
200,25,3,0.2788,6,2759.26,1,1
276,23,2,0.4872,6,14038.47,2,0
169,32,2,0.3511,1,23684.58,1,0
138,23,1,0.0547,5,11453.76,0,0
374,27,3,0.2959,2,12762.05,0,0
200,19,1,0.4188,7,11078.65,0,1
162,17,2,0.1934,1,15468.21,0,0
80,24,0,0.3913,0,3580.78,0,0
22,26,2,0.514,2,2863.71,0,1
725,27,3,0.303,4,2955.8,0,0
710,23,1,0.5255,4,17961.15,0,0
521,0,1,0.5779,1,2905.08,2,1
438,32,0,0.3903,2,5613.17,2,0
184,18,1,0.042,3,4780.79,2,1
451,25,2,0.1752,1,9866.47,1,0
107,26,1,0.446,1,16877.69,1,0
320,0,1,0.1846,3,16878.26,0,0
150,0,4,0.0638,1,933.2,0,0
453,15,2,0.0761,3,12082.58,4,0
824,27,0,0.3586,1,7545.09,0,0
122,22,0,0.4346,3,9821.79,2,1
192,21,4,0.0593,4,5321.96,2,1
316,0,1,0.1761,5,3052.58,0,0
45,30,1,0.2126,2,25447.21,1,0
63,22,0,0.2988,3,6243.77,0,0
808,20,2,0.0931,1,34474.06,1,0
375,29,0,0.4794,3,7669.36,3,1
176,0,1,0.1921,4,7911.21,1,0
291,31,2,0.3088,4,3470.99,0,1
201,20,1,0.4165,4,7827.55,0,1
323,32,0,0.2968,3,24198.56,2,0
207,28,1,0.2797,3,6852.44,1,0
273,23,0,0.3897,4,10278.41,2,0
481,29,4,0.0596,1,56476.76,1,0
460,24,1,0.0449,4,1904.79,1,0
778,19,3,0.3342,3,2623.52,0,0
395,18,1,0.4166,2,11599.55,0,0
305,28,0,0.4957,5,1034.48,2,0
855,29,2,0.3303,3,14940.98,0,0
252,21,1,0.3624,3,3094.32,1,0
25,17,1,0.6659,3,4702.44,2,0
525,0,1,0.3028,4,22352.92,0,0
362,26,2,0.3612,1,1790.64,0,0
294,26,2,0.5472,3,739.86,0,0
535,17,1,0.4556,0,636.41,1,0
209,26,3,0.1647,3,11358.29,0,0
27,23,2,0.4182,1,22167.1,0,0
542,20,2,0.3257,3,2228.12,1,0
171,31,0,0.0706,2,28926.16,1,1
126,19,0,0.3039,2,7446.25,0,1
29,25,0,0.326,1,8426.9,1,1
511,28,0,0.2105,2,24336.62,0,0
13,0,2,0.236,4,944.13,1,1
687,0,0,0.2372,3,17373.53,0,0
226,23,1,0.1283,2,873.3,1,0
528,25,0,0.2063,5,1129.54,4,1
404,19,1,0.1302,2,1365.42,1,0
960,0,1,0.3506,3,15889.3,1,0
396,15,1,0.1797,2,17035.61,0,1
670,25,1,0.2593,4,22004.42,1,0
187,24,2,0.0757,0,7243.57,1,1
63,28,1,0.2514,1,4815.45,2,1
585,22,2,0.3449,2,13748.47,3,0
61,28,0,0.1583,4,6295.64,0,1
507,29,3,0.4037,6,9602.37,0,0
113,26,1,0.1393,0,6841.98,0,0
367,18,5,0.4467,2,6980.46,0,0
972,0,1,0.8313,3,85598.91,0,0
480,20,1,0.25,2,22084.46,0,1
253,0,0,0.4948,2,13261.68,0,0
410,22,1,0.2261,6,4713.85,2,1
193,27,0,0.2952,0,8034.92,0,0
1220,25,1,0.2901,1,24244.13,1,0
159,0,2,0.2495,3,9297.72,0,0
275,0,2,0.4535,3,4615.94,1,0
450,0,1,0.4264,4,1011.37,1,0
389,21,0,0.4954,1,4803.5,1,0
421,0,1,0.2621,4,16989.47,0,0
196,0,1,0.1624,1,1647.51,1,1
244,29,1,0.392,2,43345.18,1,0
567,0,2,0.3813,2,10047.87,1,0
548,31,0,0.1633,1,40201.17,0,0
396,21,1,0.2679,3,6790.34,0,0
726,22,0,0.2881,2,532.1,1,0
582,20,2,0.2245,3,4625.92,1,0
536,0,1,0.4437,4,3339.52,1,0
60,19,1,0.5197,1,2641.14,1,0
392,26,1,0.5609,3,13102.35,1,0
343,22,1,0.2107,1,2474.13,0,1
789,22,2,0.1348,5,1302.26,1,0
263,21,0,0.0371,3,3424.16,0,0
322,21,2,0.0605,5,19800.09,1,0
111,26,0,0.1306,1,5289.42,2,0
133,0,3,0.2089,1,2446.28,1,1
790,23,1,0.4536,5,4436.15,0,0
420,23,1,0.1356,5,26705.83,1,1
974,22,2,0.3323,6,12871.57,1,0
259,0,1,0.5745,4,13616.29,0,0
77,34,1,0.2928,6,12642.27,1,1
230,29,0,0.179,1,987.22,1,1
199,25,1,0.1676,4,6177.93,1,0
492,39,1,0.13,3,23920.7,3,0
478,27,2,0.4311,6,516.84,1,0
435,25,0,0.1774,4,691.49,0,0
1173,26,1,0.5027,2,1952.21,2,0
698,0,1,0.2337,6,2898.9,1,0
142,30,2,0.3499,4,7447.9,0,0
595,30,0,0.1294,0,1497.39,0,0
306,29,4,0.4423,2,12967.99,0,0
253,21,1,0.4885,8,103308.66,0,0
757,0,2,0.1182,4,3577.15,3,0
134,28,1,0.4353,4,1307.35,1,1
569,17,1,0.2506,0,4240.84,1,0
508,17,1,0.4091,4,13619.5,0,0
131,34,2,0.0463,2,8517.61,0,0
57,20,1,0.2293,5,17203.91,2,0
281,0,2,0.2036,5,5085.53,0,0
643,14,3,0.1596,4,10526.97,1,0
391,0,2,0.153,3,154481.65,0,0
773,16,0,0.0706,1,4399.13,2,0
372,25,1,0.6339,2,7019.51,0,0
808,26,5,0.2805,4,12212.02,1,0
182,27,3,0.4756,0,142533.95,1,0
434,0,0,0.3634,2,19879.13,1,1
217,28,0,0.362,2,8070.27,0,0
274,21,5,0.4154,0,4092.9,2,0
321,19,1,0.4077,1,35817.46,1,0
390,28,0,0.4417,0,6416.88,0,0
161,21,2,0.4418,3,44346.87,0,0
420,23,2,0.2396,5,5193.07,4,0
309,22,1,0.2692,3,3477.45,3,1
81,16,1,0.2995,5,1238.94,0,0
48,26,1,0.1506,3,13171.15,1,0
644,40,2,0.1031,3,808.81,2,0
263,19,3,0.0378,0,31993.05,0,0
72,0,0,0.1931,0,1267.22,1,1
896,22,2,0.2765,4,798.77,0,0
450,31,2,0.2718,4,6730.51,0,0
383,21,2,0.3059,4,22373.1,0,0
148,16,0,0.2594,2,6169.64,0,0
80,19,0,0.2148,2,17790.67,0,0
343,0,1,0.2998,7,10436.81,2,0
294,0,0,0.194,5,16156.71,0,0
113,25,0,0.1063,4,47161.73,1,1
109,30,2,0.3805,8,3053.23,0,0
104,24,4,0.1609,3,8570.29,1,0
100,22,1,0.2481,3,683.96,0,1
177,21,2,0.5766,2,36772.64,0,0
383,0,0,0.2247,1,4734.02,0,0
431,0,3,0.3152,6,7614.43,0,0
290,29,1,0.1119,2,4829.03,0,0
331,0,3,0.5216,2,3154.13,1,0
446,25,1,0.2614,4,17616.9,1,0
34,27,0,0.2892,2,14081.98,0,0
351,0,2,0.127,3,3668.16,0,0
719,0,1,0.1055,3,57065.55,1,0
258,0,0,0.0871,3,19881.26,0,0
627,30,1,0.1762,1,49289.1,0,0
262,20,5,0.4642,6,758.97,2,1
467,24,2,0.5925,2,3355.11,1,0
377,22,1,0.577,5,22909.39,2,0
102,28,3,0.2618,3,1644.54,1,0
127,22,0,0.0986,2,4351.98,0,1
808,0,1,0.2045,0,2082.44,1,0
540,26,2,0.096,2,11575.3,1,0
276,22,1,0.2841,4,4767.67,1,0
248,29,0,0.2672,2,2136.84,0,0
149,24,1,0.1299,6,57701.62,1,0
401,0,1,0.1373,1,15755.99,2,0
161,23,1,0.285,6,15375.92,1,0
222,0,1,0.2256,2,9172.7,1,1
176,28,1,0.3575,2,20215.07,1,0
517,25,2,0.4768,4,14108.12,1,1
267,20,0,0.1854,6,818.48,2,1
333,0,4,0.0472,6,75993.49,1,0
104,23,2,0.5138,1,62360.07,0,0
175,23,2,0.5913,2,4416.55,0,1
339,24,1,0.4271,2,1039.29,0,0
61,33,1,0.136,5,2078.15,0,1
251,34,1,0.1177,1,2161.65,2,0
297,20,1,0.2665,2,11009.11,0,0
91,33,0,0.2054,2,4718.18,2,1
608,32,1,0.4717,5,3715.44,1,0
387,0,0,0.3361,3,16411.73,1,0
265,39,4,0.2046,3,6792.18,0,0
164,17,1,0.4918,5,24548.88,0,0
58,0,2,0.116,5,7331.64,1,0
576,25,0,0.5077,3,59823.58,1,0
206,0,2,0.1839,1,115856.27,1,0
77,22,1,0.5058,4,10481.18,1,0
160,0,2,0.1284,2,5391.09,3,1
417,27,2,0.2213,4,7298.95,1,1
358,19,0,0.3013,2,28160.03,0,0
114,0,4,0.8911,1,22497.94,1,0
647,26,1,0.2602,5,802.42,0,0
76,21,0,0.6423,0,15390.82,1,0
739,24,5,0.4125,3,4955.01,0,0
347,0,1,0.0831,3,11009.34,2,0
219,18,4,0.6826,5,7876.36,1,1
245,25,1,0.1521,0,4890.54,2,0
318,12,1,0.0719,7,1067.75,2,0
441,18,2,0.447,4,1175.01,1,1
47,21,1,0.2692,3,5645.61,0,0
155,24,3,0.1741,4,6702.53,0,0
310,0,1,0.1994,2,7305.88,2,1
664,30,0,0.1797,2,10825.22,0,0
647,25,0,0.3365,2,2949.54,2,0
842,25,1,0.1007,6,1476.18,0,0
626,0,1,0.1081,7,25841.19,0,0
145,28,0,0.2581,4,15469.4,1,0
296,23,1,0.4175,6,3405.35,2,1
629,33,0,0.0206,3,22501.91,1,0
587,18,0,0.2597,3,2368.63,0,1
255,29,1,0.3055,2,10384.24,0,0
432,21,2,0.1816,2,10538.97,2,1
205,0,0,0.2132,3,3703.73,1,0
69,29,1,0.3075,2,14383.49,2,1
273,37,0,0.2593,6,1672.77,2,0
260,21,0,0.3314,6,7695.67,0,0
197,0,2,0.1984,4,7727.24,3,0
442,0,0,0.2026,2,2112.92,2,0
248,26,1,0.2597,2,17069.76,1,0
399,0,2,0.3874,4,30745.89,1,0
510,0,1,0.1473,0,7414.57,0,0
1266,0,2,0.2237,1,8808.56,2,0
276,19,1,0.3271,3,5703.86,1,0
670,22,1,0.0689,5,7133.66,2,0
355,31,1,0.2976,2,4313.31,2,0
370,24,1,0.2201,3,8036.78,1,0
279,32,3,0.6523,3,5829.59,0,0
332,21,0,0.1767,2,56434.92,0,0
250,0,4,0.0477,6,6027.64,2,0
593,24,3,0.1131,4,2507.37,0,0
160,0,1,0.0563,6,984.4,0,0
68,23,0,0.1677,1,26178.74,1,0
191,0,1,0.2692,4,44125.56,0,0
174,0,0,0.3325,0,1914.54,1,1
191,26,4,0.1212,3,16257.08,1,0
268,0,3,0.5487,0,14709.55,2,1
192,0,3,0.2392,4,7931.35,0,0
265,0,2,0.0158,2,2039.76,0,0
192,22,0,0.1823,5,14299.33,0,0
405,0,0,0.075,0,37901.09,1,1
1259,0,1,0.2632,1,42144.74,0,0
349,0,1,0.4681,3,14555.17,2,0
199,27,0,0.1777,6,22213.26,0,1
19,0,3,0.1431,3,885.52,1,0
995,0,0,0.5546,2,16203.91,1,0
364,29,0,0.3117,4,16487.93,1,0
263,28,0,0.1879,3,5311.04,0,1
21,0,0,0.365,1,8758.51,0,0
274,0,1,0.2344,1,4180.91,0,0
330,0,2,0.2614,6,1223.4,1,0
193,38,2,0.5311,2,16501.84,0,0
84,0,2,0.2823,1,76295.74,0,0
78,27,2,0.5577,1,2776.13,1,0
1005,21,4,0.2506,3,8671.35,1,0
323,17,1,0.579,4,1611.15,2,0
193,0,0,0.0593,2,10430.96,0,1
308,23,1,0.2393,5,3695.27,0,0
292,21,3,0.0789,2,6710.67,0,1
74,30,1,0.0865,2,26156.36,2,1
566,0,1,0.4254,6,11333.94,3,0
258,24,2,0.2643,5,6919.85,1,0
326,23,1,0.1349,1,2614.39,1,0
790,32,2,0.3802,1,18405.04,1,0
86,23,0,0.0752,3,2104.55,0,1
153,29,1,0.556,5,39491.55,0,0
378,21,1,0.1585,5,9187.21,0,0
558,29,2,0.4603,2,2335.74,0,0
177,20,2,0.0899,7,1312.77,1,0
186,20,1,0.3074,2,5440.08,0,0
471,0,3,0.4296,2,5255.26,2,1
1195,0,2,0.1377,2,13981.25,2,0
316,29,1,0.352,2,2360.84,0,0
153,19,0,0.1193,5,20814.67,4,0
115,0,2,0.3438,5,387.5,2,0
267,23,0,0.0605,1,8938.63,0,1
541,32,1,0.3443,4,3398.18,1,0
1541,27,2,0.4045,3,9051.86,2,0
233,0,1,0.1825,3,34383.23,0,0
317,23,1,0.2548,2,23979.78,0,0
896,25,0,0.1993,3,12093.49,1,0
374,0,0,0.2286,1,39901.73,0,0
351,20,1,0.1254,0,41904.54,1,0
784,30,2,0.4205,1,51166.92,0,0
322,25,1,0.3415,3,3905.45,2,0
124,24,1,0.5381,7,19814.92,1,0
679,0,1,0.1437,4,20329.16,1,0
61,0,4,0.3932,1,8184.04,0,0
603,0,1,0.2543,1,27990.87,0,0
298,0,0,0.3515,5,8460.33,1,0
235,26,2,0.7083,1,1356.27,1,0
230,0,3,0.4584,3,37175.57,2,0
266,35,1,0.0773,1,3887.75,0,0
208,0,0,0.0233,2,986.15,0,0
415,0,2,0.3026,5,372388.2,1,0
214,0,0,0.2024,4,2212.03,1,0
299,25,0,0.0905,4,17443.04,1,0
35,18,1,0.5076,2,2273.11,0,0
298,24,2,0.3011,7,4874.45,2,0
204,0,2,0.1873,6,3501.07,1,0
573,27,3,0.1692,3,2451.94,4,0
243,27,1,0.121,7,22940.84,0,0
516,20,2,0.2765,3,123691.04,1,0
476,0,1,0.2602,5,8159.8,1,0
485,0,1,0.4542,3,962.05,1,0
250,0,2,0.3281,4,2311.63,0,0
313,30,1,0.4701,3,2973.17,0,0
407,27,1,0.2699,3,9147.68,1,0
320,36,1,0.2855,1,4917.03,1,0
243,32,2,0.2077,5,102614.13,0,0
135,20,0,0.1334,3,7211.58,0,0
302,22,3,0.0777,1,21339.42,0,0
69,0,1,0.3233,3,6600.02,0,0
31,28,1,0.3605,1,7714.82,0,1
107,0,0,0.4653,2,5265.6,0,1
481,0,0,0.2618,3,8050.62,1,0
357,0,0,0.3713,2,4466.54,1,0
484,15,0,0.4125,4,8472.05,1,0
166,20,1,0.1895,3,4158.15,2,0
613,29,3,0.444,3,123263.31,0,0
78,0,1,0.1524,5,12986.33,1,0
111,24,2,0.1365,2,16240.1,0,1
606,0,2,0.3509,1,6612.64,1,0
338,25,0,0.3634,3,1379.59,1,0
486,21,4,0.1945,3,1604.58,0,1
358,22,0,0.0795,4,6574.46,0,0
187,26,3,0.0637,3,6318.91,0,0
99,25,1,0.36,2,12949.67,0,0
44,24,1,0.1478,1,10123.61,1,1
947,0,0,0.2158,3,4607.34,1,0
58,24,0,0.6899,4,194985.82,1,0
766,0,2,0.0668,0,12297.39,1,0
324,21,1,0.1539,3,4770.09,0,1
366,26,5,0.3326,3,5161.19,2,1
348,33,1,0.3029,6,19254.98,0,0
444,30,3,0.2305,2,6189.52,0,0
152,0,1,0.0599,4,25427.81,1,0
26,39,1,0.2578,3,7306.46,2,1
184,0,0,0.4961,1,5101.87,2,0
418,25,1,0.2945,6,1443.27,0,0
113,28,0,0.0847,1,28194.05,1,1
624,26,1,0.1817,2,2200.16,1,0
270,0,1,0.5414,3,19938.49,1,0
103,0,0,0.6279,4,3956.34,3,0
335,28,1,0.3471,4,22753.53,1,1
412,0,1,0.2658,4,37791.46,2,0
434,0,1,0.4211,2,3281.66,1,0
606,26,0,0.183,3,2955.53,1,0
71,28,3,0.372,2,116086.59,2,1
607,0,1,0.1686,5,14053.11,0,0
646,29,3,0.1373,3,19284.18,1,0
99,23,0,0.0642,4,1598.53,0,0
120,23,2,0.4712,2,2388.29,1,0
504,0,2,0.2274,4,10446.95,0,0
215,0,1,0.3279,4,5138.29,1,0
712,0,0,0.493,4,2426.93,0,0
848,25,0,0.1186,1,11326.57,2,0
102,24,1,0.1162,2,1043.24,0,0
149,0,3,0.5741,2,11662.9,1,0
322,0,0,0.2624,5,2750.0,1,0
25,26,2,0.3164,6,18964.6,1,0
45,24,0,0.3152,3,9148.93,0,0
134,21,3,0.0614,3,15268.37,2,0
1046,0,1,0.3982,3,40450.14,1,0
360,0,1,0.4048,3,3636.66,0,0
172,22,0,0.185,1,2503.42,2,0
119,0,1,0.266,5,34262.3,0,0
98,0,1,0.3633,1,61773.69,1,0
183,20,2,0.2735,7,37710.57,1,1
174,13,1,0.4283,4,494.19,2,1
248,0,1,0.2824,3,16687.49,0,0
427,25,1,0.1939,1,2641.41,0,0
279,23,0,0.2072,2,23742.7,0,1
525,0,0,0.3171,0,5982.82,2,0
234,30,1,0.2894,4,5413.64,0,0
892,0,0,0.2232,1,5058.37,0,0
516,30,1,0.4455,1,3944.75,0,0
353,32,0,0.0326,5,1745.95,0,0
428,24,2,0.2116,1,5120.1,2,0
187,0,0,0.2257,3,9485.55,2,0
245,21,2,0.2862,3,48744.89,1,0
237,23,2,0.1484,2,14982.37,0,0
154,0,2,0.1584,2,5723.81,0,0
81,31,3,0.1882,7,5237.88,1,0
445,32,1,0.2028,3,225.13,2,1
584,24,1,0.3122,4,5063.09,1,0
400,23,0,0.1795,0,9520.6,2,1
279,19,1,0.2842,2,3889.19,1,0
1164,19,1,0.1836,3,4306.64,1,0
170,30,2,0.6317,2,412.24,0,0
362,24,1,0.1762,1,1527.54,0,1
643,28,2,0.2064,1,2164.24,0,1
108,24,0,0.1527,5,3402.44,1,1
470,25,1,0.0528,2,210.92,3,0
931,23,1,0.051,4,6452.15,0,0
297,16,0,0.1097,1,7272.89,0,1
338,0,1,0.3615,4,13268.11,1,0
171,27,3,0.0535,5,4837.28,0,1
424,0,4,0.0805,1,21800.25,2,0
151,0,0,0.3307,4,68961.81,1,0
284,27,1,0.2098,7,1496.39,1,0
71,30,1,0.402,4,1812.69,1,0
10,26,3,0.384,3,12113.53,0,1
202,0,0,0.4096,3,16371.25,0,0
199,0,0,0.1248,5,1876.98,1,0
216,0,1,0.1123,5,61341.34,0,0
505,26,1,0.0693,2,2614.76,0,1
596,0,3,0.3042,2,6037.27,0,0
373,34,2,0.1948,2,18051.3,1,0
481,0,2,0.1209,3,45346.31,0,0
155,22,1,0.1394,5,2453.52,2,0
123,25,2,0.2735,1,19715.86,2,0
431,28,1,0.5602,3,7102.74,2,1
107,23,1,0.2521,3,1392.34,1,1
95,0,0,0.3886,2,3884.89,3,1
1574,35,1,0.2215,3,1909.33,0,0
312,19,0,0.5123,4,18372.81,3,1
199,0,0,0.6104,2,1467.21,2,0
180,20,0,0.3169,2,13669.18,0,1
73,27,2,0.2043,3,7946.75,0,0
367,34,2,0.3121,1,12055.63,3,0
233,29,0,0.4868,2,8045.66,2,1
584,24,0,0.1505,5,2809.1,0,0
440,23,2,0.2033,3,12726.95,0,0
227,0,0,0.3596,2,9393.8,0,0
35,0,0,0.3498,2,4333.36,0,0
313,0,1,0.46,5,174068.82,0,0
292,29,2,0.4565,2,1946.89,3,1
26,24,0,0.4608,3,14769.25,0,1
404,0,1,0.7577,3,16401.38,0,0
103,25,2,0.2807,1,5698.77,0,1
605,0,0,0.0413,3,10849.61,1,0
278,29,3,0.0433,0,13764.57,1,1
176,0,2,0.6695,5,7376.92,2,0
347,20,0,0.2637,7,4123.82,2,0
331,30,5,0.232,2,7323.17,0,0
322,25,1,0.5827,0,3896.29,0,0
551,0,0,0.2813,3,41810.89,1,0
363,21,0,0.1765,6,23053.61,0,0
162,35,0,0.5071,4,8834.51,3,0
239,0,0,0.5391,4,3302.25,0,0
757,34,6,0.4046,4,5511.53,0,0
150,0,0,0.3544,3,3972.36,1,0
400,0,2,0.3135,1,7165.13,2,0
565,27,1,0.2479,3,1173.5,3,1
428,0,0,0.3239,1,4127.53,4,0
314,26,2,0.4235,3,2159.15,1,1
352,29,1,0.2935,4,3467.74,0,0
448,0,2,0.2539,4,72303.19,1,0
148,0,5,0.0147,9,5464.98,0,0
293,31,2,0.2036,2,10161.67,1,0
1160,20,0,0.4947,8,6153.73,0,0
409,22,0,0.0623,3,17130.77,0,0
323,16,0,0.282,5,5048.24,1,0
220,26,1,0.1323,2,4168.52,0,0
150,22,1,0.2356,2,3543.2,1,1
361,0,0,0.1846,3,3313.07,1,0
380,24,2,0.2592,3,49105.12,0,1
278,18,1,0.3076,5,12791.54,0,0
1469,31,1,0.1884,2,3861.35,2,0
161,0,1,0.2532,1,22159.3,0,1
129,26,0,0.3367,2,32134.9,0,0
223,0,2,0.0653,2,3438.79,1,0
285,26,2,0.4843,4,5694.98,0,1
143,0,1,0.2919,1,8181.27,2,0
355,0,2,0.4002,4,3215.52,0,0
384,20,0,0.3215,2,4472.89,2,1
486,27,0,0.3857,1,4477.98,2,0
194,41,1,0.0437,5,6789.87,1,0
715,0,1,0.4105,2,318591.36,0,0
463,27,1,0.1677,1,2742.12,0,0
159,0,1,0.38,4,1386.1,0,0
142,34,2,0.0896,2,26219.16,0,0
235,18,2,0.1537,3,10096.51,0,0
384,25,3,0.4371,3,5604.65,0,0
426,0,0,0.1513,1,22900.95,2,0
463,0,3,0.4343,4,1865.9,0,0
1112,24,1,0.3431,0,11821.61,1,0
50,0,1,0.0855,0,6465.31,3,0
272,0,2,0.4574,1,8445.6,0,0
1051,28,1,0.33,1,8605.03,0,0
502,25,2,0.1316,1,141575.9,0,0
122,21,1,0.3423,6,4428.6,0,0
342,37,0,0.3548,2,2946.62,0,0
260,23,1,0.0281,2,15415.15,1,1
252,30,4,0.149,3,27612.99,1,0
191,25,1,0.2453,2,1600.67,1,0
321,19,1,0.1328,0,12943.15,0,0
627,0,2,0.2132,3,1997.25,2,0
205,23,2,0.2732,5,1595.01,2,0
465,27,3,0.3672,3,6208.49,2,0
523,23,0,0.2183,3,3654.99,2,0
711,0,0,0.1516,2,1724.61,1,0
140,0,2,0.4077,3,2917.83,0,0
302,24,0,0.2791,2,4343.19,2,1
173,27,1,0.243,5,17063.92,1,0
322,23,1,0.3619,6,2494.8,3,0
320,27,2,0.0677,4,8837.31,0,1
110,24,1,0.5623,1,886.59,1,0
336,0,2,0.0908,1,6226.35,2,0
1148,0,2,0.6302,4,19552.32,1,0
427,0,2,0.1092,4,4564.87,1,0
89,19,1,0.3946,5,15390.59,2,0
132,28,1,0.4534,2,811.45,2,0
291,22,2,0.3342,5,2123.02,1,0
135,20,1,0.3443,2,15903.23,2,0
685,25,1,0.1995,4,17287.92,0,0
78,25,1,0.2536,1,76283.49,1,0
429,23,1,0.4087,2,18883.11,0,0
62,19,1,0.1623,3,32553.97,0,0
287,22,2,0.5728,2,2564.02,1,0
117,0,0,0.3935,4,8054.11,2,0
485,31,0,0.3274,2,1547.16,0,0
610,0,0,0.0881,0,29824.82,1,0
383,0,1,0.1089,4,5719.97,1,0
629,22,0,0.0837,2,14501.92,0,0
17,23,0,0.3768,1,514.15,1,1
333,0,2,0.3239,6,394.56,0,0
425,0,1,0.1615,3,67161.83,0,0
464,30,1,0.2559,3,512907.72,1,0
407,0,1,0.3544,2,12379.5,0,0
471,0,3,0.3181,1,51960.04,1,0
330,24,1,0.1101,0,3350.74,1,0
90,31,2,0.5532,3,1223.92,1,0
190,22,0,0.0105,1,58774.18,1,1
688,31,1,0.3041,4,6896.56,1,0
636,19,2,0.4238,2,6279.7,1,0
419,0,1,0.171,2,59699.9,2,0
493,17,2,0.2665,4,5352.36,0,0
586,23,2,0.1178,1,1970.84,0,0
416,24,0,0.1696,4,1534.07,0,0
675,0,0,0.5487,1,8066.25,1,0
660,0,0,0.3935,3,23079.3,1,0
1382,0,2,0.2338,5,5735.94,1,0
196,0,1,0.1134,4,7074.38,2,0
199,0,0,0.2121,2,3185.76,0,1
394,21,2,0.2883,4,4356.35,0,0
1011,0,4,0.1886,4,53393.95,1,0
711,19,2,0.2374,6,6866.49,0,0
535,21,0,0.0088,7,3196.34,0,0
743,29,2,0.2515,1,58209.31,0,0
430,33,2,0.2351,3,5775.51,1,0
237,30,0,0.4595,5,6547.75,0,0
1176,0,2,0.1812,5,5932.87,3,0
408,28,1,0.3737,0,1144.64,0,0
650,0,0,0.413,4,4853.25,1,0
17,0,0,0.3768,4,10280.11,0,0
23,0,0,0.2909,4,4801.41,2,0
341,27,1,0.2962,1,26034.57,1,0
135,0,0,0.3955,3,2405.0,1,0
364,30,1,0.2176,8,11223.74,1,0
199,26,2,0.2947,6,4283.47,3,1
1512,22,3,0.1737,2,24513.6,1,0
615,0,0,0.4753,3,49984.58,1,0
791,22,2,0.3935,2,34513.02,0,0
31,25,1,0.1119,3,8695.66,0,0
530,29,1,0.2997,1,7640.99,3,0
260,29,1,0.3601,4,7043.63,0,0
801,24,6,0.5107,3,2188.77,0,0
478,28,1,0.4486,2,23438.64,1,0
291,24,0,0.3162,5,621.4,1,0
100,28,1,0.0921,4,4937.38,0,0
336,0,1,0.2806,2,55201.53,1,0
677,0,0,0.2828,10,1120.11,0,0
832,0,0,0.2458,3,14123.29,0,0
225,0,0,0.4648,4,19752.58,2,0
1356,0,0,0.4079,4,3999.37,1,0
642,24,1,0.4029,2,2260.52,0,0
138,30,2,0.5002,3,1052.34,1,0
110,31,1,0.3142,3,4500.22,2,1
274,23,0,0.2979,1,3080.13,1,0
224,35,2,0.3579,1,1395.14,1,0
433,0,1,0.0511,4,25978.38,2,0
310,20,0,0.2601,5,2790.73,2,0
240,0,0,0.1717,1,13617.13,1,0
66,25,1,0.3831,2,2786.92,1,0
488,29,1,0.4823,1,14981.57,1,0
59,21,0,0.2898,7,10116.16,0,0
643,0,0,0.0405,6,27363.81,0,0
36,22,3,0.7565,2,1160.55,0,0
55,0,0,0.2824,1,3152.35,3,1
137,0,0,0.4131,2,23857.54,0,1
208,0,3,0.5073,2,3620.03,0,1
173,0,2,0.6915,2,4936.76,0,0
207,24,1,0.3012,3,15200.81,2,1
370,27,2,0.6265,4,5515.87,0,1
140,0,3,0.2652,6,9008.45,0,0
372,22,0,0.0396,4,6826.97,1,0
17,29,3,0.3968,3,5263.47,2,0
135,25,2,0.7036,3,1512.03,3,1
52,28,0,0.0319,0,4506.9,0,0
638,25,0,0.1389,2,15111.26,0,0
158,29,1,0.6141,0,5382.63,1,0
467,26,1,0.5842,2,14255.45,1,0
42,21,2,0.1261,1,5330.87,0,0
823,29,0,0.4675,3,14119.66,0,0
324,22,2,0.3675,5,3766.36,2,1
296,0,1,0.2245,2,1947.87,0,0
67,24,3,0.3306,4,22353.83,2,1
120,21,0,0.2484,4,2110.78,1,0
247,0,0,0.2925,3,3436.72,2,0
124,27,2,0.1681,3,7985.38,1,0
595,26,2,0.3004,2,907.2,0,1
316,0,0,0.4761,3,3965.75,0,0
126,0,2,0.1012,5,3581.3,1,0
533,24,0,0.1652,2,5696.65,0,0
220,26,0,0.0733,3,5919.91,0,0
516,24,1,0.2401,5,4465.87,0,1
192,0,1,0.128,7,6399.91,1,0
444,16,2,0.0573,2,45477.05,2,0
214,27,2,0.1289,2,131735.39,0,0
596,0,2,0.4436,2,14416.03,1,0
43,31,1,0.5383,4,5337.74,1,0
92,0,1,0.5317,7,2666.91,2,0
265,34,1,0.4845,4,3249.69,0,0
164,31,1,0.267,1,5927.35,0,0
208,0,1,0.213,5,30640.15,0,0
481,24,0,0.5206,2,2292.08,1,0
205,24,0,0.3869,4,12089.8,1,0
382,14,2,0.1369,3,4197.83,0,0
134,28,3,0.6348,3,24885.02,0,1
32,0,3,0.1372,8,4997.52,2,0
514,0,1,0.5353,2,3154.47,1,0
951,25,3,0.4264,3,3415.48,1,1
353,0,3,0.4329,0,62926.89,2,0
277,0,0,0.1592,3,7386.03,0,0
325,35,5,0.212,5,28939.92,0,1
747,0,0,0.179,1,11854.01,0,0
356,26,0,0.3218,2,16152.54,1,1
532,26,3,0.2056,4,4972.04,0,0
515,27,2,0.0982,4,6805.61,0,0
631,0,2,0.1603,5,2184.75,1,0
272,20,2,0.2383,3,2326.23,0,1
189,26,2,0.154,6,5852.71,0,1
447,15,2,0.4805,3,5167.92,0,0
600,16,1,0.4997,1,6523.36,1,0
681,23,0,0.246,4,19583.46,0,0
810,34,0,0.2956,3,71822.63,1,0
563,0,2,0.4023,3,2361.06,1,0
180,22,1,0.546,7,12208.66,0,0
353,0,3,0.3098,5,3816.43,1,0
329,23,2,0.1974,2,1059.23,0,1
302,24,1,0.1793,3,131389.76,1,0
448,0,2,0.6025,1,7088.65,0,0
252,17,0,0.169,3,4899.7,1,0
253,24,2,0.1638,1,22513.1,0,1
989,0,0,0.5226,2,138525.86,0,0
284,26,2,0.2471,2,11159.28,1,1
628,18,1,0.3791,3,162671.95,0,0
653,23,0,0.3656,4,7600.57,2,0
360,28,2,0.0965,2,26360.75,1,1
261,23,1,0.2168,2,2945.8,1,0
139,20,1,0.1256,3,2989.47,0,0
58,0,1,0.1464,5,11302.59,0,0
471,0,2,0.1569,1,38319.82,0,0
405,33,2,0.0991,2,4309.72,1,1
522,28,3,0.5864,4,24082.68,0,0
200,26,0,0.28,1,12422.34,1,0
1057,30,0,0.4775,7,5689.2,0,0
431,18,3,0.2545,4,18945.08,0,1
275,27,0,0.5099,3,3080.5,0,0
29,22,0,0.0486,2,27455.48,0,1
220,21,1,0.061,4,6083.91,0,0
540,29,1,0.2692,3,19219.49,2,0
796,22,0,0.2753,1,10386.6,1,0
310,0,0,0.4238,3,9012.09,1,0
885,23,1,0.2632,3,139.09,1,0
130,0,2,0.2747,5,4097.87,0,0
414,33,1,0.2647,4,2453.16,0,0
422,31,4,0.2734,5,15702.3,0,0
474,15,1,0.0657,2,6138.46,2,0
344,30,1,0.4084,2,1089.31,2,1
397,21,0,0.4604,4,15968.12,2,0
127,28,2,0.1641,3,6641.16,1,0
745,26,2,0.3133,1,7546.71,1,0
585,27,4,0.1412,1,14075.98,1,0
386,30,2,0.2459,2,10975.01,0,0
595,0,1,0.3525,3,90755.92,0,0
761,0,2,0.4046,3,24170.76,0,0
469,0,1,0.5942,1,8815.44,1,0
1133,21,1,0.3018,3,12040.33,1,0
498,0,2,0.1915,4,6251.25,1,0
146,29,1,0.2563,4,4521.72,0,0
371,26,0,0.2831,4,23373.31,1,0
611,21,0,0.2162,5,56301.42,1,0
761,0,2,0.2605,4,6645.0,1,0
350,27,1,0.0589,7,15591.44,0,0
136,28,1,0.0941,4,2726.29,2,1
256,25,3,0.2302,2,17626.99,0,0
84,0,0,0.1543,5,2668.55,2,0
535,22,0,0.503,2,10367.12,0,1
217,0,2,0.2958,5,13835.03,1,0
168,0,0,0.3761,3,39544.25,0,0
572,13,0,0.2043,1,686.99,1,0
873,0,2,0.2886,3,55675.05,2,0
167,0,2,0.4074,1,34862.1,0,0
351,16,0,0.3554,5,15337.6,1,1
265,22,0,0.0067,2,5613.52,1,0
785,0,0,0.0985,6,29260.33,0,0
290,0,2,0.4465,1,78300.31,0,0
124,0,1,0.5012,0,5901.46,1,0
301,35,1,0.1805,3,46678.57,0,0
677,0,1,0.4644,1,26670.62,2,0
252,32,2,0.1724,3,36492.65,1,0
183,22,1,0.1763,1,20870.04,1,0
280,0,0,0.0344,4,8353.23,0,0
128,30,1,0.5935,0,1979.33,0,0
265,0,1,0.1604,3,4577.51,0,0
195,0,0,0.1019,3,18602.47,1,0
1270,0,2,0.1342,4,6446.52,1,0
39,20,1,0.1108,7,829.96,0,0
145,30,0,0.1611,2,4018.15,1,0
183,29,1,0.4578,9,2157.39,2,0
128,30,2,0.2646,1,11127.84,0,1
417,16,1,0.1855,1,23033.94,5,0
164,22,1,0.3833,3,10644.76,1,0
75,0,1,0.3139,5,1378.88,1,0
328,32,0,0.4036,2,5176.75,1,0
241,20,0,0.5739,3,2337.95,1,0
171,29,1,0.1049,4,6941.69,2,0
772,21,1,0.0808,2,20530.42,0,0
427,27,1,0.1552,4,9263.92,2,0
393,0,0,0.1607,5,8580.34,2,0
434,0,1,0.3965,1,54889.72,1,0
418,17,0,0.3136,4,2826.64,3,0
251,27,1,0.3101,4,31690.12,2,0
166,25,3,0.0835,4,5790.58,0,1
334,32,1,0.0636,3,168027.57,0,0
247,27,1,0.337,3,11579.68,1,1
39,19,0,0.2635,1,952.73,0,1
118,28,0,0.1276,3,5254.37,0,1
222,0,1,0.2492,5,1795.47,1,0
580,21,1,0.1282,3,106741.07,0,0
335,28,1,0.0456,2,3502.51,1,0
140,13,0,0.1457,2,36912.59,0,0
108,0,1,0.2319,2,25796.99,0,0
668,25,2,0.2522,1,2030.13,1,0
260,30,0,0.3414,4,1321.66,0,0
5,28,0,0.1352,4,26823.07,2,0
274,24,1,0.3277,2,5434.42,0,0
495,21,1,0.264,4,8293.73,1,0
105,24,1,0.4005,2,9935.79,0,0
315,21,2,0.4496,5,244.78,2,0
339,30,0,0.0634,1,7455.43,1,0
111,0,1,0.3382,5,32138.16,1,0
710,25,2,0.3827,2,982.53,0,0
343,32,0,0.2502,5,21614.42,5,1
221,19,4,0.3569,4,6246.0,0,0
262,0,1,0.5185,3,2070.31,0,0
91,28,0,0.2634,1,12280.12,1,0
87,21,3,0.2018,6,7937.35,1,0
204,27,3,0.258,5,41588.26,0,1
215,18,1,0.3536,2,4146.52,0,1
248,28,4,0.2718,4,38072.21,0,0
753,36,2,0.2548,5,7751.89,0,0
477,33,3,0.1695,4,13618.28,0,0
47,23,1,0.2418,4,5312.2,0,0
658,23,5,0.0743,2,2557.5,1,1
203,27,1,0.2262,3,25165.44,0,0
510,22,1,0.2848,5,7666.92,0,0
217,21,2,0.37,5,5457.64,2,1
327,22,3,0.3927,0,26745.9,0,0
98,25,1,0.2546,3,48909.91,2,0
383,32,3,0.0155,4,4282.31,1,0
551,0,1,0.1639,1,58164.77,2,0
59,0,1,0.4728,6,3171.28,0,0
557,0,0,0.0955,3,10453.93,1,0
165,24,0,0.3737,3,22787.73,0,1
919,21,3,0.3092,2,130.37,2,1
516,22,2,0.0469,2,2508.74,0,0
454,37,2,0.0329,7,4839.56,1,1
263,14,1,0.5133,3,11153.67,0,0
1423,19,0,0.1328,1,8102.08,0,0
204,31,1,0.1434,2,417.62,1,1
121,34,1,0.1603,6,5045.34,0,1
171,23,0,0.2705,2,1231.09,1,0
622,0,1,0.2344,1,3833.57,2,0
322,0,0,0.2715,2,5307.01,1,0
287,23,1,0.2735,1,10357.53,2,0
207,26,1,0.5999,2,4670.89,1,0
275,0,1,0.188,2,8306.12,0,0
195,17,2,0.2428,4,4171.28,0,1
485,0,1,0.4895,6,11908.7,0,0
244,0,2,0.3777,0,1668.81,0,1
173,30,0,0.2512,2,7355.76,1,0
586,27,3,0.167,6,2024.39,0,0
124,25,3,0.3797,4,4925.26,2,1
325,26,1,0.468,8,10225.98,1,0
38,23,1,0.5878,6,2710.76,0,1
80,24,0,0.086,6,6820.04,3,0
223,25,0,0.0841,2,5189.11,3,1
192,28,1,0.2787,4,93612.87,0,0
192,0,2,0.3494,6,12105.96,1,0
520,25,2,0.6375,8,14435.57,1,0
541,0,0,0.529,1,2770.34,1,0
374,18,0,0.2842,3,390.19,3,0
118,24,1,0.2489,5,3807.04,2,0
273,0,1,0.1598,3,1121.36,1,0
1006,24,1,0.5506,2,10258.07,1,0
1332,28,2,0.2929,1,10916.36,0,0
590,25,3,0.2001,4,10056.14,0,0
123,0,0,0.2654,4,7176.57,0,0
275,0,3,0.1642,0,2699.43,1,1
356,19,2,0.1443,1,3257.99,0,0
317,31,1,0.3617,2,12866.04,1,0
633,18,1,0.3494,5,85351.72,0,0
504,28,3,0.2147,1,10495.54,0,0
116,18,0,0.3686,6,12163.88,0,0
177,26,1,0.1094,4,76718.9,0,0
588,26,1,0.2182,1,7689.78,2,1
770,0,1,0.22,4,2545.73,4,0
360,25,1,0.1735,4,12354.66,1,0
835,27,1,0.1383,4,57394.76,1,1
330,26,4,0.2806,1,23169.21,0,0
137,0,1,0.3156,4,10237.52,0,0
472,0,1,0.3195,1,800.27,0,0
1720,30,2,0.4443,4,1263.44,2,0
92,27,0,0.131,8,12075.64,0,0
814,24,0,0.4454,3,5304.52,1,0
453,0,3,0.3502,2,7218.23,0,0
168,21,0,0.1211,2,26068.72,0,1
39,31,0,0.4194,1,1790.63,0,0
22,30,1,0.5053,2,3826.54,0,1
191,0,3,0.1856,2,34217.93,0,1
401,25,0,0.3956,3,1800.82,1,0
559,18,1,0.4249,1,32644.74,2,0
650,28,0,0.4231,6,12372.94,0,0
376,24,1,0.5111,3,6965.44,1,1
334,20,0,0.4619,5,9662.81,0,0
229,26,2,0.3451,2,12611.96,0,0
409,23,1,0.6287,4,17824.19,1,0
170,26,2,0.5973,3,703.26,1,0
97,29,1,0.5319,3,37043.27,1,1
318,0,0,0.3388,2,10872.66,1,1
529,31,1,0.6091,3,32275.24,1,0
77,18,0,0.0853,0,13859.86,0,0
191,0,1,0.1366,2,111298.88,1,0
309,0,1,0.2041,3,3443.71,0,0
304,20,4,0.0957,2,56404.87,2,0
444,23,5,0.2017,5,2880.34,0,1
987,29,2,0.3554,2,15585.54,1,0
22,0,0,0.0156,2,28975.87,0,0
1016,19,1,0.2358,1,8284.92,0,1
958,20,0,0.6917,4,782.28,1,0
565,26,1,0.2209,1,9516.2,0,0
355,19,0,0.3161,2,4604.29,2,0
173,19,2,0.641,3,23937.63,0,1
560,18,1,0.3063,3,2788.24,0,0
369,0,3,0.1161,2,4211.31,2,1
233,31,5,0.5935,7,3612.48,1,0
550,28,0,0.3119,1,5569.52,3,0
618,26,0,0.0946,2,8975.86,0,0
766,0,0,0.2742,4,16091.52,1,0
157,0,0,0.0745,2,14651.39,0,0
700,18,0,0.0446,4,1747.1,1,0
236,0,2,0.3263,8,2866.58,4,0
355,30,2,0.1366,4,4008.27,1,0
409,32,0,0.5693,5,5324.82,1,0
662,0,3,0.293,5,2865.65,1,0
511,0,2,0.1924,7,3294.89,2,0
230,22,2,0.4986,3,38427.72,3,1
27,26,1,0.1086,4,11729.0,2,0
441,28,2,0.222,4,2150.77,1,1
344,28,1,0.4029,2,13092.25,3,0
91,0,0,0.3882,2,4942.46,1,0
376,0,0,0.5565,3,74357.49,1,0
306,0,2,0.5147,1,3802.15,2,1
761,24,3,0.1179,6,4476.79,0,0
1062,25,1,0.17,0,5679.14,4,0
607,25,1,0.2035,2,2152.07,1,0
292,0,2,0.895,2,14128.71,0,0
328,31,3,0.1703,3,8568.05,0,0
152,29,1,0.0773,6,12181.94,2,0
179,27,1,0.504,4,8383.58,1,0
279,17,1,0.3921,5,10105.26,0,0
256,0,2,0.13,3,56765.26,0,0
85,22,3,0.0538,4,15672.55,1,0
766,24,1,0.2116,4,939.58,1,0
840,31,2,0.2781,6,11785.98,0,0
750,0,0,0.7613,2,32847.96,1,0
859,26,0,0.2281,4,502.59,0,0
1268,19,3,0.1424,5,2006.71,1,0
154,28,0,0.2611,4,16666.03,0,0
1233,0,0,0.2338,2,25980.24,1,0
228,22,1,0.4339,1,9970.7,1,1
489,22,3,0.3635,5,13690.75,1,0
64,30,1,0.2349,2,41955.03,0,0
204,28,1,0.1654,7,4373.3,2,0
620,0,0,0.4004,1,2616.73,1,0
506,0,1,0.1144,6,5989.58,2,0
225,23,0,0.1084,3,9997.79,1,0
328,20,2,0.0515,3,11822.01,2,0
186,21,1,0.3899,4,20469.47,0,1
618,23,1,0.4023,4,59793.86,0,0
801,26,0,0.3153,4,10114.08,0,0
155,24,2,0.3399,6,1803.42,0,0
303,26,0,0.1743,3,3210.11,0,1
82,28,0,0.2355,4,9557.24,0,0
368,0,1,0.0709,2,46387.76,0,0
453,25,1,0.6261,4,17765.49,0,1
390,21,0,0.2366,3,2785.36,1,0
427,24,0,0.7841,2,3710.49,0,1
278,27,0,0.29,5,5702.87,2,1
283,18,1,0.2304,3,8857.12,1,0
273,25,1,0.1888,3,5844.49,0,0
199,20,1,0.0616,4,2837.65,0,1
221,23,0,0.0204,1,3285.1,0,0
438,0,0,0.2607,4,7415.32,1,0
767,0,0,0.3131,6,10419.69,1,0
131,22,0,0.3647,5,2523.0,0,0
282,22,1,0.318,3,11916.05,0,0
105,31,1,0.5493,5,71561.93,0,0
202,22,1,0.2408,3,10384.5,0,1
232,28,1,0.2499,4,11244.51,1,1
348,25,1,0.2953,5,1562.79,0,0
341,0,0,0.4171,1,19620.55,0,0
300,28,1,0.5925,2,4043.47,2,1
412,0,0,0.0785,2,29282.29,1,0
143,0,2,0.0946,5,70395.19,0,0
350,0,0,0.0717,4,3595.82,0,0
517,0,0,0.3799,1,3730.52,1,0
141,0,0,0.1546,3,15362.28,1,0
51,30,1,0.3176,3,1764.48,0,0
615,32,3,0.1352,3,9127.7,1,1
109,0,3,0.5305,2,5726.78,1,1
194,25,2,0.4259,4,7358.7,0,0
506,29,2,0.3246,6,717.45,0,0
134,18,1,0.3909,1,14884.34,0,1
586,25,2,0.199,4,154695.78,1,0
170,0,2,0.5004,2,4928.48,0,0
152,25,1,0.3653,5,1440.49,0,1
106,28,1,0.5373,2,21155.29,1,0
171,22,2,0.0817,4,2857.72,1,0
459,21,0,0.2007,2,8405.01,0,0
194,19,0,0.1602,2,3457.99,3,1
617,20,0,0.1602,1,1458.45,2,0
310,26,0,0.0396,3,11764.36,1,1
331,25,0,0.4368,5,3541.62,0,0
147,0,3,0.1061,5,1189.59,1,0
680,0,2,0.2188,7,11507.57,0,0
520,0,3,0.3922,3,254414.94,0,0
509,0,2,0.3375,2,27464.86,1,0
265,23,0,0.2843,1,7736.12,0,1
93,25,1,0.1429,2,308580.62,2,0
345,0,0,0.2168,2,982.93,0,0
445,30,0,0.5286,8,16160.75,1,0
448,0,5,0.1853,2,73047.05,0,0
406,25,1,0.2021,6,2387.54,0,0
394,22,0,0.3537,1,11636.09,0,0
169,26,1,0.1952,3,3803.24,2,0
177,26,1,0.1737,7,5391.91,0,0
107,23,0,0.1487,4,13256.93,2,0
622,17,1,0.1532,4,974.94,0,0
1031,29,2,0.3287,3,2422.16,2,0
1699,21,1,0.493,3,8482.61,1,0
363,27,0,0.2767,5,986.61,0,0
395,31,1,0.2967,1,5208.98,0,0
274,29,2,0.2117,2,1305.27,1,0
359,0,2,0.3686,3,1398.26,1,0
134,0,1,0.464,0,24483.71,1,1
269,0,1,0.2897,1,9127.53,0,0
153,21,0,0.1706,4,6237.24,1,0
242,23,2,0.3573,2,4775.67,0,0
165,0,1,0.1674,5,11816.59,1,0
445,21,1,0.2152,7,4565.7,0,0
486,26,2,0.0767,3,3280.1,0,0
386,22,1,0.0668,4,28438.47,1,1
177,0,3,0.2602,5,3869.37,1,0
99,0,3,0.1269,1,40506.85,0,0
490,16,2,0.0905,5,4164.32,1,0
309,21,1,0.3236,4,19940.19,2,0
48,24,3,0.1375,3,11024.19,2,0
343,26,1,0.2186,5,15901.7,0,1
397,24,0,0.1195,7,11473.65,0,0
69,22,0,0.3191,6,19078.86,1,1
451,31,1,0.337,1,46430.27,0,0
81,25,0,0.4016,1,2816.62,0,1
161,0,0,0.0761,1,48367.06,2,0
81,31,0,0.2492,2,5668.56,1,0
146,0,0,0.5406,1,921.55,0,0
100,21,2,0.2105,4,18410.27,0,0
619,0,1,0.3405,2,21924.34,1,0
254,32,0,0.1694,3,14808.85,0,0
212,22,3,0.2623,5,5393.71,1,0
659,0,1,0.0803,4,2626.66,2,0
636,0,0,0.3361,4,4293.37,1,0
227,30,1,0.1039,5,9890.52,0,0
380,0,1,0.651,4,5825.74,0,0
189,19,2,0.0753,3,2314.2,0,0
285,19,1,0.3335,7,5934.69,0,0
119,0,4,0.3741,3,2987.13,1,0
421,24,2,0.0022,1,3618.59,2,0
677,23,2,0.584,6,19410.17,0,0
598,0,0,0.3134,4,1946.4,0,0
320,0,0,0.3559,6,12023.74,2,0
43,19,2,0.2435,2,4233.6,1,0
182,29,1,0.4023,6,11205.64,3,1
285,25,0,0.263,2,2667.65,0,0
88,31,0,0.1466,3,6212.99,2,1
73,24,0,0.3065,4,2883.94,0,0
805,30,3,0.2327,5,11475.96,0,0
550,26,2,0.0993,3,902.42,1,0
445,21,2,0.0766,3,7200.45,0,0
507,0,1,0.1496,4,1651.34,1,0
104,32,0,0.1253,3,3665.8,1,0
142,27,0,0.0983,4,5361.31,0,0
364,36,0,0.2535,2,18899.47,2,0
385,28,1,0.299,5,1054.71,0,0
82,25,3,0.4189,3,845.46,0,0
345,36,0,0.4154,2,30679.09,1,0
289,29,1,0.2408,2,5275.82,1,1
585,31,1,0.6563,3,985.35,1,0
386,29,1,0.1413,2,4815.08,1,0
867,32,0,0.324,3,4495.45,2,0
228,0,3,0.14,0,3983.26,0,0
111,22,1,0.2113,4,10449.31,0,0
852,18,1,0.3778,5,1038.08,0,0
401,24,1,0.4426,5,8344.08,0,1
291,28,3,0.3639,4,4512.41,2,0
147,17,2,0.2021,3,7318.03,1,1
230,24,1,0.1587,5,22972.1,0,0
220,34,1,0.2997,6,26382.04,0,0
106,0,1,0.3927,3,52692.73,1,0
28,20,1,0.2114,5,794.64,0,1
216,31,1,0.321,1,12048.12,3,0
516,18,1,0.1433,2,19782.46,0,0
716,25,1,0.4385,1,3864.94,0,0
600,28,1,0.2022,1,7548.63,4,0
624,22,1,0.3348,4,38465.44,0,0
118,36,1,0.4659,4,6076.37,3,1
369,27,1,0.312,3,36911.47,1,0
448,33,1,0.3698,5,7297.76,1,1
468,0,2,0.404,2,13441.94,0,0
286,0,0,0.4438,2,23578.25,1,0
336,0,0,0.3876,6,2096.52,2,0
588,19,4,0.2485,5,12993.0,0,0
436,0,3,0.4681,3,4362.81,0,0
495,26,0,0.2859,5,33455.66,0,0
208,20,2,0.214,4,5398.81,1,1
477,32,1,0.2762,1,5313.41,0,0
333,34,1,0.4861,4,2874.9,0,0
548,22,4,0.4005,2,7454.98,3,0
169,0,0,0.4301,3,15322.61,1,0
518,16,0,0.3684,3,8685.08,5,0
232,39,1,0.3931,1,113991.66,1,0
519,22,0,0.3069,0,4698.31,0,0
370,29,2,0.3187,1,2833.34,1,0
315,0,3,0.1923,2,6909.35,0,0
243,31,3,0.6134,1,12197.56,0,0
292,0,1,0.1632,4,1752.13,0,0
216,25,0,0.21,3,38997.31,1,0
239,0,1,0.4383,2,5955.36,2,0
428,32,2,0.3585,2,62019.45,0,0
58,0,3,0.199,1,40161.19,3,1
514,0,1,0.2627,3,17911.93,2,0
520,0,1,0.354,4,7894.29,2,0
249,25,0,0.5314,3,2406.65,1,0
343,0,1,0.3766,2,3800.58,2,0
133,16,3,0.4924,2,2227.7,0,0
408,25,3,0.296,2,2116.21,0,1
149,26,1,0.1297,6,11438.19,1,0
8,0,5,0.1841,3,11981.68,3,0
698,22,2,0.1948,5,1251.95,1,1
119,31,1,0.2609,5,4510.78,2,0
287,0,3,0.1685,1,3065.57,2,1
352,0,1,0.1154,6,46560.84,0,0
427,0,2,0.2491,2,654.76,0,1
307,25,2,0.4191,1,80980.67,3,0
376,0,0,0.017,6,16259.97,1,0
244,28,1,0.7666,3,375.03,0,0
71,28,1,0.2591,3,3753.94,0,0
298,0,1,0.1742,3,13845.16,0,0
470,31,2,0.2387,4,3579.38,1,0
126,0,2,0.2407,4,5838.53,2,0
355,0,2,0.3231,2,124331.44,0,0
982,28,1,0.4187,5,4878.26,0,0
283,0,2,0.3678,3,2212.29,1,0
294,0,1,0.167,2,24321.08,0,0
64,25,0,0.5581,1,1505.56,1,0
113,15,0,0.2111,2,18827.67,0,0
150,19,2,0.0395,1,16333.88,1,0
457,0,0,0.6491,0,72493.47,1,0
135,32,2,0.1555,5,13327.3,1,0
402,10,1,0.3002,2,6119.13,1,0
162,0,0,0.6217,2,7824.04,0,0
67,24,0,0.1594,3,105429.2,0,0
496,0,1,0.5028,3,8738.16,1,0
222,18,2,0.3115,2,6269.78,2,0
429,27,4,0.2797,4,7493.02,0,0
65,22,1,0.1485,2,14340.82,0,0
24,24,0,0.2672,5,5157.14,0,0
331,21,2,0.2123,4,2344.55,0,0
109,0,1,0.2423,5,3620.5,0,0
327,21,1,0.2322,5,2801.77,2,1
332,0,1,0.2993,3,6740.05,0,0
301,0,2,0.166,3,3879.67,0,0
621,0,2,0.1926,2,6533.78,0,1
397,21,2,0.3497,2,6756.06,0,0
981,25,1,0.3418,2,11114.58,0,0
227,26,0,0.5237,2,2551.07,1,0
90,34,1,0.0432,4,62533.27,1,0
172,0,1,0.3717,0,36115.18,1,1
238,30,0,0.3152,1,15481.84,0,0
1036,0,2,0.3376,0,19602.22,0,0
315,24,0,0.046,1,2074.05,1,0
637,0,1,0.5598,7,4021.42,0,0
212,28,0,0.2507,3,4593.22,0,0
191,17,1,0.3029,1,1472.63,0,0
62,35,3,0.0868,5,5147.98,2,0
1014,0,1,0.168,6,123802.26,1,0
784,0,0,0.1605,4,9210.23,3,0
358,30,1,0.4333,7,50884.9,1,0
250,31,1,0.4864,2,46933.0,0,0
324,0,0,0.1997,0,2611.76,2,0
86,24,0,0.2196,4,8463.64,3,0
429,19,1,0.2514,1,5033.13,0,1
741,22,2,0.2506,4,24790.57,2,0
766,22,1,0.1443,1,14247.63,0,0
65,33,1,0.0974,1,59809.26,0,0
633,28,1,0.4706,4,10378.83,0,0
87,0,1,0.1842,4,21844.52,0,0
26,18,0,0.4377,2,3743.58,1,1
649,32,0,0.108,3,1395.82,2,0
198,0,2,0.1757,2,18129.38,1,0
588,22,2,0.3246,3,9682.23,0,0
552,22,2,0.2427,3,15746.52,1,0
504,13,0,0.186,5,44292.09,0,0
321,22,1,0.4818,0,12134.92,1,0
97,20,1,0.1089,1,21926.26,0,0
239,19,3,0.2442,2,27612.7,2,0
774,0,2,0.3138,3,6788.92,1,0
598,22,1,0.3389,1,3945.31,0,0
249,32,2,0.4356,3,87040.58,1,1
246,0,1,0.2006,4,12877.05,3,0
473,0,2,0.2446,2,11436.68,0,0
339,24,1,0.2284,4,2490.3,0,0
259,24,0,0.4498,1,10901.11,0,0
445,34,1,0.1576,5,11929.99,1,0
435,25,0,0.4303,2,2634.32,0,0
176,22,0,0.1179,1,19663.05,0,0
390,27,1,0.1113,3,5963.21,1,0
416,0,1,0.1495,5,571.27,2,0
302,0,1,0.3651,1,4321.91,0,0
160,27,4,0.1934,2,25903.18,1,0
233,30,0,0.1196,2,2758.8,2,0
132,31,1,0.1702,4,147570.81,0,0
398,21,1,0.1889,3,14375.76,1,1
65,21,1,0.3129,2,118618.36,0,1
828,22,2,0.2854,3,2158.84,2,1
717,30,0,0.4053,4,1896.8,2,0
423,0,0,0.3851,1,6080.99,2,1
574,26,1,0.188,3,1768.76,1,0
548,22,4,0.0206,3,4686.62,1,0
343,29,2,0.2165,0,54477.0,2,1
265,20,2,0.3481,4,5599.98,1,0
242,37,1,0.2359,2,1200.06,1,0
849,0,0,0.1522,0,11635.39,0,0
155,37,0,0.2719,3,39626.36,1,0
158,0,1,0.3912,5,858.44,1,0
610,30,0,0.4014,3,1602.42,0,0
571,20,1,0.4042,6,8664.97,0,0
253,0,1,0.2712,5,1925.99,1,0
456,23,0,0.1879,2,6627.93,0,1
499,0,0,0.3768,3,45648.02,2,0
92,29,0,0.2858,2,5151.09,2,1
749,33,2,0.4923,1,14034.94,0,0
499,27,0,0.4771,3,15293.75,0,0
429,21,0,0.2304,3,3127.71,2,0
502,0,1,0.3852,1,2284.52,1,0
392,26,2,0.0792,2,26738.41,1,0
289,31,2,0.1228,1,8594.42,2,0
345,32,1,0.393,1,10412.34,0,0
84,22,0,0.4471,1,7764.86,0,0
1075,16,1,0.1235,2,6948.97,0,1
285,27,0,0.1254,4,10224.78,1,0
1063,19,2,0.0561,4,2120.11,1,0
349,22,1,0.6099,5,12930.99,0,0
189,0,1,0.347,5,2435.54,0,0
734,0,2,0.1246,5,132077.94,0,0
416,23,0,0.3354,5,16898.36,2,0
1332,33,1,0.1614,1,11369.2,1,0
185,0,3,0.0686,4,2256.26,0,0
755,0,2,0.2194,3,30483.92,1,0
782,20,1,0.7874,2,4587.47,1,0
529,21,0,0.3833,4,16745.72,1,0
786,26,1,0.3608,2,3633.43,0,0
291,28,1,0.1166,8,814.27,1,0
154,0,1,0.2001,6,51516.3,1,0
204,28,2,0.5417,6,16236.01,1,1
331,25,1,0.3152,4,5063.66,1,1
548,0,3,0.131,1,85775.82,2,1
164,20,1,0.514,1,7924.6,1,1
242,23,0,0.3857,5,34588.36,1,0
176,35,0,0.0919,5,1141.21,3,1
616,19,2,0.1497,3,5465.73,1,0
1057,30,1,0.4936,5,5708.7,1,0
132,20,5,0.2295,2,2479.24,3,1
471,0,2,0.5017,1,2802.89,0,1
670,35,1,0.5576,7,9684.05,0,0
271,0,1,0.2763,1,6572.95,0,0
88,25,1,0.2464,4,6403.65,1,0
730,22,0,0.0444,1,4390.31,1,0
83,25,1,0.1944,2,27570.7,1,0
876,0,1,0.121,2,1819.07,0,0
173,27,0,0.2223,1,8643.63,1,1
71,28,2,0.368,3,4716.96,1,0
217,31,2,0.1722,3,4286.86,0,1
312,31,1,0.1001,3,593.31,0,1
363,0,4,0.2889,4,7719.66,0,0
500,21,4,0.2532,6,3878.89,0,0
388,25,0,0.2172,1,11295.62,0,0
1001,25,0,0.4929,3,323761.61,1,0
301,0,2,0.1652,3,9966.95,0,0
403,26,0,0.3423,4,14159.65,2,0
379,21,1,0.2873,4,3164.78,0,0
62,27,1,0.3271,2,9983.96,2,0
110,0,0,0.5868,3,7079.44,0,0
332,22,0,0.3602,2,3005.91,0,0
439,0,4,0.2114,3,2717.29,0,0
37,17,2,0.2397,2,14315.85,1,1
1031,27,1,0.2599,5,3613.29,0,0
465,0,1,0.1333,1,2614.41,1,1
318,25,1,0.3986,0,39423.24,0,1
450,31,2,0.3584,2,50773.16,0,0
207,25,0,0.2125,0,2656.57,0,0
366,22,2,0.1678,2,28816.54,1,0
410,20,1,0.2851,2,1132.93,2,1
735,22,0,0.1767,4,2585.1,2,0
280,24,2,0.3488,3,1885.06,0,0
85,30,0,0.1212,4,4437.87,2,0
151,30,0,0.3977,3,8085.41,2,1
263,34,1,0.1804,6,1792.43,1,0
95,35,1,0.5128,1,4794.27,1,1
136,0,1,0.1985,4,2597.51,0,0
152,27,1,0.2829,4,10704.56,0,0
249,0,0,0.1016,0,9315.96,1,0
461,25,0,0.2164,0,42815.76,1,1
239,18,2,0.2788,2,991.33,1,0
483,0,1,0.3286,2,31453.42,1,0
319,28,0,0.511,5,31619.54,3,0
141,0,0,0.0758,7,4231.31,0,0
415,27,0,0.4793,2,5185.05,1,0
370,15,0,0.3189,3,11974.43,1,0
492,26,4,0.0798,3,27023.55,1,0
565,36,2,0.544,4,687.15,2,0
751,0,2,0.306,2,4636.33,0,0
472,31,3,0.2314,2,13611.54,1,0
361,37,1,0.5113,4,8768.34,1,1
494,0,1,0.0451,0,8320.97,2,1
221,29,0,0.4231,4,1142.91,0,0
207,0,1,0.0805,9,4440.49,0,0
821,22,2,0.2763,1,5055.31,0,0
202,0,2,0.3059,4,2776.79,0,0
156,25,1,0.1919,5,30620.33,1,0
472,0,0,0.1054,2,5162.95,0,0
222,0,1,0.1775,0,2894.1,0,1
561,27,1,0.3352,3,84989.29,0,0
714,24,2,0.4345,6,13850.04,1,0
175,0,1,0.1145,5,9815.25,0,0
512,31,2,0.1159,3,6914.2,0,1
198,19,2,0.2611,1,3605.33,0,0
267,21,2,0.1306,2,2959.81,1,1
402,0,0,0.1194,4,1981.65,0,0
208,26,2,0.0685,7,5418.4,0,1
376,16,1,0.3928,5,1313.93,3,0
285,31,1,0.505,5,23860.37,2,0
570,25,2,0.2075,7,3608.99,1,0
571,20,4,0.468,5,22643.67,3,0
209,23,1,0.1726,2,2971.94,0,1
408,27,0,0.3853,3,12878.91,1,0
631,31,1,0.2884,1,1500.04,1,0
134,22,1,0.2097,1,3761.51,1,0
283,19,2,0.1329,3,4331.93,1,0
395,22,1,0.2243,3,10929.41,2,1
129,25,0,0.0973,8,1791.17,1,0
229,21,1,0.0737,2,46159.25,1,0
933,0,0,0.2187,2,7872.52,1,0
202,0,1,0.3545,0,7485.02,0,0
221,0,3,0.2954,6,1413.06,2,0
468,0,2,0.2051,2,11671.64,0,1
115,27,3,0.3571,5,30134.86,3,1
288,0,3,0.5011,1,2642.17,1,1
157,0,0,0.2901,3,3918.22,0,0
375,27,3,0.1965,1,5902.82,0,0
10,0,0,0.3449,4,5497.62,2,1
338,0,2,0.1296,3,2571.5,0,0
403,0,1,0.5222,4,13027.65,1,0
234,0,0,0.1181,8,33035.27,0,0
246,22,0,0.1009,3,7418.09,3,0
211,27,0,0.2561,1,2734.81,0,0
285,27,1,0.2547,3,2114.22,1,1
828,19,1,0.256,2,147951.09,3,0
582,22,2,0.2936,5,4768.95,0,0
285,29,3,0.3568,3,14788.49,0,1
229,22,1,0.1751,5,1097.26,1,0
545,23,1,0.1945,2,3265.0,0,1
358,34,2,0.1378,0,29477.69,0,0
126,26,2,0.1323,3,2809.37,0,1
260,28,2,0.3076,2,3000.84,0,0
770,0,0,0.4754,3,12436.42,0,0
455,24,0,0.5279,3,3665.03,1,0
231,0,0,0.4962,1,15529.09,1,0
79,15,1,0.0898,1,3654.03,2,1
374,19,4,0.2259,3,7152.75,0,0
320,28,3,0.1325,5,17629.55,0,0
278,0,0,0.1232,0,4658.05,0,1
549,26,1,0.2051,1,1791.33,0,1
459,17,1,0.1483,5,4787.86,0,0
82,28,1,0.3856,2,2452.85,0,0
321,21,0,0.2421,3,4465.95,2,0
104,21,1,0.2354,1,8154.06,0,0
214,25,1,0.7376,2,8145.43,0,0
97,30,2,0.3004,3,23954.95,3,1
100,29,5,0.4365,3,3160.97,1,1
407,0,0,0.3067,2,7898.27,0,1
379,0,0,0.2736,1,41788.53,1,0
304,0,2,0.3298,4,11951.44,2,0
199,31,2,0.1183,3,25142.1,1,0
90,30,0,0.1893,2,7566.16,1,0
215,29,0,0.4476,2,21245.64,0,0
380,31,0,0.6326,4,6493.12,0,0
374,14,1,0.0495,2,1491.82,2,0
759,0,1,0.257,1,17575.99,0,0
688,0,1,0.1879,4,12601.81,0,0
313,20,1,0.0599,2,8487.49,2,1
213,23,2,0.1746,3,2598.25,1,1
160,24,1,0.0302,5,52366.06,0,0
76,0,2,0.4798,4,21013.26,2,0
115,30,1,0.1289,5,3783.45,1,1
380,29,1,0.1219,3,44617.99,0,0
481,33,2,0.2557,2,41832.65,1,0
249,0,1,0.129,3,6353.2,1,0
1303,25,2,0.2039,1,2899.33,2,0
116,25,0,0.2384,6,14261.25,0,0
69,28,2,0.0735,1,6408.29,0,1
1288,26,3,0.3321,3,204939.14,0,0
85,28,1,0.1446,1,2348.58,0,0
246,16,0,0.3348,1,52978.3,1,0
172,28,0,0.1831,2,4969.4,3,1
401,19,0,0.0708,3,6119.85,2,0
232,0,1,0.0454,2,2950.9,1,1
482,0,0,0.2702,5,9342.29,0,0
557,28,2,0.5415,5,2841.31,1,0
76,0,1,0.1296,6,6133.3,0,0
156,0,2,0.0927,3,1780.7,1,0
511,35,0,0.3909,2,737.2,2,1
634,29,1,0.5079,7,6161.33,0,0
351,0,0,0.302,5,38682.18,0,0
422,30,0,0.1039,4,10863.23,1,0
792,24,4,0.0956,1,6562.25,0,0
234,31,0,0.5656,2,185254.27,0,1
348,27,1,0.5493,4,496.1,3,1
689,27,4,0.3769,4,11276.46,0,0
718,0,1,0.0226,1,2797.13,1,1
287,19,0,0.4361,3,8462.6,1,0
160,0,1,0.3871,2,3130.71,0,1
284,14,0,0.1076,2,3579.85,0,0
306,0,1,0.2239,5,11130.14,0,0
155,0,2,0.3549,2,6415.59,0,0
176,0,1,0.3467,4,3338.84,0,0
718,19,1,0.2756,2,1598.46,2,0
436,0,2,0.4159,2,20027.41,0,0
247,0,1,0.035,6,6023.0,0,0
123,0,3,0.6268,1,1825.55,1,0
178,18,1,0.3033,3,1041.94,0,0
63,31,2,0.1616,1,11126.3,1,0
357,36,0,0.3192,1,5501.94,1,0
169,29,1,0.4788,1,9790.98,0,0
378,22,1,0.2309,2,167701.12,2,0
508,28,1,0.3005,0,21079.18,0,0
382,0,2,0.0976,3,7665.63,1,0
224,18,2,0.4713,4,1064.78,1,1
148,20,1,0.426,6,56413.23,0,0
107,0,1,0.5155,3,8769.94,0,0
672,25,0,0.4708,3,150955.48,1,0
370,0,2,0.2116,6,3025.72,1,0
234,22,0,0.5243,1,1708.03,0,0
462,23,2,0.3698,2,45010.29,0,0
601,27,1,0.6328,5,10840.06,0,0
172,16,2,0.2948,2,35883.68,2,0
362,21,1,0.2221,7,1856.49,2,0
368,28,0,0.5045,3,1828.57,0,0
770,0,3,0.4283,3,2354.49,2,0
231,21,1,0.0677,2,288.22,1,0
144,20,2,0.3808,5,4326.0,0,1
392,21,3,0.2407,3,855.83,0,0
489,23,0,0.3712,0,8868.34,0,1
341,0,1,0.4019,4,7216.84,2,0
804,0,0,0.1081,3,2765.06,0,0
231,0,0,0.5696,2,14945.33,0,0
347,0,0,0.305,3,9804.86,0,0
82,24,3,0.3022,1,39926.62,2,0
137,30,0,0.1344,6,74353.94,0,0
173,27,2,0.2543,2,9502.11,0,0
262,30,2,0.5412,3,13612.72,0,1
95,21,2,0.2679,5,16325.43,1,0
458,21,1,0.6307,3,81812.05,0,0
161,27,0,0.2429,4,1493.7,1,0
1155,19,2,0.0885,3,4093.29,0,0
166,15,0,0.343,3,1547.53,3,1
321,21,0,0.3045,2,3807.57,2,1
292,32,0,0.1075,1,5092.41,0,0
127,0,1,0.0592,5,2828.7,0,0
263,25,2,0.0901,3,13369.77,0,0
260,14,1,0.2811,4,14810.18,0,1
557,17,0,0.2388,3,8028.22,0,1
402,40,0,0.3049,3,11936.49,0,0
453,30,1,0.1005,4,68139.53,0,0
549,22,0,0.3478,3,12475.21,0,0
458,20,2,0.0564,2,1636.64,1,0
360,30,0,0.1752,0,3126.33,2,0
172,24,2,0.3312,3,2853.89,0,0
344,0,1,0.4079,8,44288.74,0,0
146,24,2,0.064,2,4423.76,4,1
278,22,0,0.2415,3,2354.3,1,0
251,0,3,0.1679,3,2055.13,0,0
264,24,3,0.1501,5,4064.06,0,0
96,0,0,0.1322,2,3872.22,1,0
10,0,1,0.3457,5,3239.06,1,1
217,25,0,0.2272,7,23142.47,0,0
638,0,0,0.2716,2,5701.16,1,0
318,41,5,0.3327,3,7352.62,0,0
607,25,3,0.395,3,19869.01,1,1
147,27,2,0.2301,1,21745.44,0,0
208,0,1,0.295,4,3888.89,0,0
1200,33,0,0.332,2,34423.62,3,0
154,0,0,0.3303,2,7876.47,1,0
447,23,1,0.356,2,3989.72,1,0
446,18,1,0.2231,1,24184.94,5,0
413,35,0,0.2703,3,12973.71,0,0
451,28,1,0.0188,3,11527.38,0,0
153,33,0,0.1324,4,5246.07,0,0
225,0,0,0.1209,1,8087.81,1,0
15,25,1,0.3411,3,3371.52,0,1
787,21,1,0.2941,2,6281.92,1,0
449,27,0,0.497,4,4891.07,0,0
174,0,0,0.3281,4,10857.36,0,0
148,0,0,0.2978,2,51306.67,0,0
645,32,2,0.246,7,6558.87,0,1
163,0,1,0.2294,2,20788.72,0,1
173,25,4,0.1273,3,9507.75,2,0
122,29,1,0.0791,3,32110.57,1,0
509,30,1,0.2659,3,62547.96,3,0
601,26,0,0.4929,1,4383.16,0,0
252,0,2,0.3649,2,1044.06,0,0
603,23,0,0.3345,5,1816.2,0,1
388,25,1,0.572,1,26430.5,1,0
115,0,0,0.2941,5,11875.56,2,0
749,29,1,0.2068,3,2507.46,0,0
121,31,0,0.4272,1,55435.06,0,0
267,0,1,0.1948,1,5531.18,1,1
253,24,0,0.1246,2,5267.58,0,0
219,0,2,0.2468,4,5702.77,1,0
43,40,3,0.1409,3,36993.67,3,0
1043,33,1,0.3924,3,3234.11,1,0
50,27,1,0.0719,1,37682.57,1,1
780,28,0,0.385,2,15925.54,1,0
144,0,1,0.3947,2,41719.27,1,0
187,23,1,0.3334,4,20308.65,0,0
730,0,2,0.4529,2,12360.41,0,0
418,26,3,0.3374,3,18687.02,0,0
85,0,0,0.0984,0,9066.85,1,0
83,0,1,0.4971,3,3476.85,1,0
376,0,1,0.2233,3,17925.07,3,0
119,0,2,0.5233,3,7434.16,1,0
432,0,2,0.3144,3,36888.27,2,0
464,0,0,0.5829,2,35353.16,2,0
157,22,1,0.3286,4,16327.25,1,0
196,22,1,0.215,3,26636.34,1,0
385,0,0,0.1164,5,14643.85,1,0
151,19,1,0.0943,1,14804.23,0,0
318,20,0,0.5516,2,3791.06,1,0
1247,22,0,0.3619,6,10985.92,0,0
398,22,0,0.2056,2,13826.41,1,0
222,24,2,0.1667,4,12601.01,1,0
1112,24,0,0.6247,1,11242.99,0,0
534,0,0,0.3484,2,10438.57,3,0
122,30,1,0.418,2,98484.72,2,1
143,25,0,0.0959,4,9537.22,1,0
57,25,1,0.1154,3,19774.18,0,0
380,25,2,0.0532,2,8418.64,0,0
34,26,0,0.46,3,12208.66,1,0
1111,27,1,0.4744,3,2946.57,0,0
244,0,2,0.3599,2,4092.43,1,1
557,0,2,0.1937,3,4597.73,0,0
227,19,1,0.455,1,1545.89,1,1
375,0,1,0.1275,4,9603.96,0,0
270,35,2,0.2005,1,2840.7,1,1
312,0,3,0.4296,4,2282.66,0,0
677,30,2,0.4419,2,110107.81,1,0
903,28,3,0.1889,0,33280.16,1,1
857,23,0,0.0889,3,98456.34,0,0
1825,25,3,0.3147,2,7784.23,2,0
166,18,1,0.2648,3,5918.21,1,0
402,19,1,0.2013,3,13767.94,1,0
169,26,0,0.1049,4,13604.04,1,0
659,23,0,0.2087,2,5743.28,1,1
127,0,0,0.2232,0,3488.89,1,0
685,25,1,0.2756,2,17771.08,0,1
350,26,1,0.5171,3,1302.49,0,0
282,34,1,0.3342,0,17527.93,1,0
307,33,2,0.0468,2,6083.74,1,0
107,27,1,0.3707,0,22170.71,0,1
116,21,3,0.299,8,31591.09,0,0
354,35,0,0.069,3,17335.49,2,0
352,32,0,0.2756,2,2145.01,1,1
176,21,0,0.1278,1,1432.86,0,0
241,0,0,0.328,6,1304.35,0,0
426,25,0,0.3961,3,4736.66,0,0
151,0,1,0.1115,2,1452.85,1,1
50,0,2,0.5266,3,7947.98,2,0
805,0,2,0.2533,5,2858.64,1,0
373,25,2,0.2352,3,4198.08,2,1
204,0,3,0.1012,4,8212.88,3,0
169,0,2,0.165,1,13231.86,1,0
149,0,1,0.1696,1,3161.12,0,0
657,25,0,0.0058,1,4925.9,1,0
90,25,2,0.3615,2,12551.54,2,1
401,29,4,0.0742,3,7069.61,1,1
401,23,1,0.1329,4,6823.98,0,0
515,0,1,0.4836,5,18568.59,0,0
220,25,2,0.4147,1,2786.91,0,0
760,0,2,0.0271,3,22104.12,2,0
526,28,1,0.3986,1,126604.74,1,0
214,22,0,0.0967,4,11440.14,1,0
162,39,1,0.3538,2,4766.81,2,1
270,0,1,0.1458,3,1435.44,0,0
208,0,1,0.1727,2,4487.93,0,1
140,22,1,0.1894,0,12577.08,0,1
317,29,6,0.2593,1,7067.93,2,0
243,29,3,0.1807,2,7615.17,1,0
883,22,0,0.3672,2,7119.66,1,0
208,25,2,0.2262,1,4474.7,0,0
161,0,1,0.4695,5,7574.08,2,0
302,31,3,0.4213,5,3074.28,2,1
364,0,4,0.039,2,9125.27,0,1
385,24,0,0.4218,1,9776.98,1,0
382,27,0,0.0183,5,43373.27,0,0
310,31,0,0.3263,1,3223.13,1,0
293,27,0,0.5538,2,19547.08,0,0
466,0,0,0.9068,4,22393.3,1,0
129,28,0,0.2015,4,6001.25,0,0
162,16,1,0.1813,3,3639.67,1,1
69,24,1,0.5331,1,40284.48,2,0
131,27,0,0.0543,1,1701.37,1,0
614,25,3,0.273,0,3054.8,0,0
452,0,2,0.4128,2,2238.3,0,0
961,30,0,0.3952,0,3602.2,0,0
813,27,3,0.3729,0,6107.17,0,0
455,0,3,0.3038,1,48050.73,1,1
336,22,0,0.2978,1,4888.34,0,0
306,19,1,0.2756,2,101122.1,0,0
31,0,0,0.3402,2,23871.79,0,1
281,0,2,0.36,2,4426.12,1,0
187,27,1,0.1515,5,4486.53,0,1
136,22,0,0.1117,1,10252.73,1,1
404,0,0,0.3992,1,8880.23,1,0
255,0,1,0.2902,3,2003.73,0,0
321,0,1,0.3647,2,3372.85,0,0
119,0,2,0.3112,1,1265.93,0,0
541,18,1,0.2449,1,66853.78,0,1
207,0,3,0.1617,3,9582.71,0,0
389,0,1,0.1651,5,5574.78,0,0
222,0,0,0.5695,1,3628.57,0,1
24,32,0,0.4036,3,4149.61,0,1
416,29,2,0.5691,2,1394.88,0,1
269,30,2,0.1544,1,9854.29,0,1
64,24,0,0.1686,4,20567.54,1,0
105,25,1,0.2325,2,53149.87,1,1
552,23,0,0.182,2,20984.04,1,0
67,26,0,0.2535,1,19891.79,3,0
203,29,1,0.5591,4,32837.82,1,0
1016,0,4,0.2036,2,6721.09,0,0
424,19,1,0.2314,5,1620.59,1,0
501,22,2,0.3655,2,20610.47,1,0
238,29,3,0.344,0,3438.69,0,0
58,0,2,0.5914,3,7273.7,0,0
344,19,1,0.3816,0,2407.34,3,1
113,33,1,0.1721,5,32346.49,0,0
102,0,0,0.2407,2,22472.63,0,0
315,0,1,0.1685,2,1505.99,0,0
120,0,1,0.2921,5,9153.99,1,0
288,18,2,0.2768,1,28254.44,0,0
167,26,0,0.152,3,6960.09,1,0
281,21,1,0.1916,3,7959.4,2,1
192,30,1,0.0982,1,25849.95,0,0
287,34,5,0.279,1,5897.85,1,1
769,18,0,0.5317,2,7310.73,2,0
509,0,1,0.2438,6,20803.21,1,0
263,0,2,0.437,2,2420.3,0,0
688,26,0,0.4882,4,3568.34,3,1
393,0,1,0.2439,3,1040.1,0,0
656,0,2,0.2816,1,90168.77,1,0
76,27,0,0.2525,1,9331.64,0,0
121,28,1,0.0864,7,28574.22,0,0
341,0,2,0.1794,2,1936.3,1,0
258,22,2,0.3425,6,35847.92,1,0
287,30,1,0.152,4,5691.43,3,0
440,27,0,0.302,8,42286.83,1,0
343,25,2,0.2785,5,6363.47,0,0
543,0,2,0.3359,1,2206.58,2,0
533,0,4,0.4192,1,29852.24,2,0
127,0,1,0.2478,8,8703.72,3,0
26,18,1,0.3383,2,1984.12,2,1
119,21,1,0.1202,1,1125.56,2,1
112,20,1,0.1048,4,13334.8,0,0
304,21,1,0.2017,3,7838.41,1,0
301,23,0,0.344,0,10374.73,0,1
246,0,0,0.292,2,10727.72,1,0
404,0,0,0.1842,2,6828.96,1,1
1317,22,2,0.3725,3,12783.23,0,0
241,22,1,0.308,2,19247.47,0,0
352,22,1,0.4023,3,6779.52,1,0
287,0,3,0.1177,2,15109.56,0,0
178,21,1,0.1132,5,16107.43,3,0
443,0,2,0.1149,2,29251.32,0,0
232,27,3,0.1117,5,556.15,1,0
147,0,1,0.206,4,4837.98,0,0
157,25,2,0.0978,0,15696.63,3,1
556,0,1,0.4447,3,100187.38,1,0
435,0,2,0.2167,3,33438.85,0,0
195,28,0,0.5229,6,34303.32,1,1
399,28,1,0.1576,5,196579.84,0,0
290,30,2,0.5784,2,7315.69,1,1
356,23,4,0.3993,6,97290.69,3,1
174,12,0,0.0969,4,18394.02,2,1
116,0,2,0.3801,2,2499.77,0,0
231,23,1,0.5648,4,1041.0,0,0
135,33,0,0.7255,3,6173.94,0,0
126,26,2,0.105,2,17918.7,0,0
80,18,1,0.0964,0,5893.87,2,0
26,36,0,0.3052,4,9332.41,0,0
198,0,1,0.3699,4,80855.28,1,0
629,21,1,0.4194,1,8559.94,1,0
525,26,2,0.058,3,85587.74,0,1
847,29,1,0.092,3,20505.44,2,0
121,15,2,0.1174,1,29109.53,0,1
463,0,1,0.0478,4,6184.89,2,0
262,0,2,0.0521,1,7418.64,0,1
157,32,2,0.1831,1,8271.15,0,0
581,22,0,0.2882,3,7293.85,2,0
264,18,2,0.1754,2,17693.24,0,0
50,27,2,0.1708,3,38137.4,0,0
522,24,1,0.0531,0,155617.51,1,0
380,24,0,0.4792,4,3502.59,1,1
317,30,1,0.4973,3,8089.28,1,0
100,0,0,0.1252,4,26735.05,2,0
346,25,2,0.4491,2,8723.64,1,0
770,27,1,0.5672,0,1711.52,1,0
372,0,2,0.406,3,21032.48,2,0
69,0,3,0.2426,5,3090.93,2,0
393,32,2,0.6948,4,10254.06,0,0
375,30,3,0.3845,1,63879.92,0,0
490,27,1,0.4805,6,18897.67,2,0
367,29,2,0.2623,5,17266.77,0,0
126,0,0,0.3662,5,48606.25,2,0
304,21,1,0.2386,3,6980.72,1,0
234,35,1,0.2027,1,12219.03,1,0
332,29,2,0.0249,2,6543.95,1,0
595,22,2,0.1376,4,20804.43,0,0
166,31,1,0.1139,2,1639.52,2,0
933,22,1,0.1534,4,2793.42,0,0
391,28,2,0.395,2,8430.47,0,0
524,0,1,0.4106,3,16713.38,0,0
475,26,1,0.15,8,79581.03,1,0
380,30,0,0.496,4,2773.1,0,0
432,29,1,0.4924,3,7501.14,2,0
2,17,1,0.1474,5,11008.52,1,1
475,0,0,0.3957,3,2038.84,3,0
135,24,0,0.3796,3,3298.9,0,0
276,0,1,0.1657,5,939.62,0,0
378,0,1,0.3345,4,15752.71,1,0
614,29,0,0.4641,3,3084.59,2,0
135,26,3,0.2062,2,35343.35,0,1
202,20,1,0.4639,1,13392.38,0,0
225,21,2,0.5209,3,6432.63,1,1
335,0,2,0.616,6,3293.26,1,0
236,23,1,0.2086,1,12846.51,1,0
433,21,3,0.0732,1,5970.39,0,0
52,24,1,0.128,1,15478.75,0,1
260,26,1,0.4867,8,32394.83,1,0
821,28,0,0.2911,3,3258.32,0,0
236,19,0,0.5303,3,4817.13,1,0
392,27,1,0.4648,3,37617.13,0,0
550,30,2,0.6573,7,42989.05,1,0
383,19,0,0.3003,1,2544.88,0,0
988,18,3,0.5461,4,2960.61,1,0
310,25,3,0.1155,2,2923.12,1,1
449,28,0,0.1059,4,10779.26,1,0
346,32,2,0.4224,4,1526.0,0,0
713,23,0,0.5215,4,8436.03,1,0
210,24,2,0.5484,3,7722.48,0,0
1041,29,2,0.2477,4,3877.29,2,0
170,0,0,0.4679,1,9026.84,1,0
874,0,0,0.2229,1,9009.16,0,0
122,24,4,0.3505,1,5278.74,1,0
459,19,1,0.2954,2,60921.31,1,1
290,24,1,0.1439,2,4968.78,1,1
542,22,0,0.2075,3,8522.81,1,0
399,26,1,0.1258,5,3933.75,1,0
522,27,0,0.1259,1,25953.56,2,0
118,0,1,0.0822,0,2077.97,1,1
63,0,1,0.3746,1,9684.4,1,0
101,29,2,0.5377,1,2728.72,1,0
98,0,0,0.5062,4,1034.97,0,0
116,25,1,0.1094,3,3629.49,1,0
180,25,0,0.4023,1,3781.81,0,0
178,24,0,0.4267,6,15442.1,1,0
295,0,2,0.3306,2,2936.29,0,0
144,25,0,0.3676,3,671.96,2,0
155,34,1,0.2907,2,745.62,0,1
248,24,1,0.2405,3,9849.93,0,0
594,17,3,0.3036,3,14206.12,0,0
207,23,4,0.1231,3,10003.51,0,1
280,21,2,0.1211,4,4864.26,0,0
316,19,4,0.4782,5,11845.4,0,0
129,21,0,0.2512,3,882.43,1,0
224,0,0,0.4423,3,723.37,1,0
165,0,1,0.161,2,1409.11,2,1
556,24,2,0.5527,4,6526.83,2,0
525,25,3,0.5192,5,20697.83,3,0
151,31,1,0.366,1,2420.68,2,0
276,32,3,0.2364,1,2771.98,0,1
449,34,2,0.5597,4,17286.32,0,0
368,0,4,0.4395,2,4907.85,2,0
397,30,1,0.0876,4,10067.97,0,0
130,0,2,0.2271,2,9122.97,1,0
853,22,1,0.1921,5,1816.3,1,0
177,31,2,0.2019,1,69749.0,0,0
173,28,0,0.2261,4,2805.98,0,0
89,24,2,0.2031,2,79048.38,1,1
256,24,0,0.2537,3,15610.06,0,0
637,30,1,0.1216,1,11239.74,0,0
365,0,0,0.2728,2,1355.24,2,1
272,25,3,0.19,1,12216.41,2,1
499,28,1,0.5316,0,7355.44,2,0
627,0,2,0.3706,2,6168.97,1,0
524,29,0,0.3357,5,1697.96,1,1
45,0,0,0.5525,1,23178.96,1,0
502,22,0,0.2198,2,24473.43,0,0
409,0,0,0.4048,2,1039.32,2,1
148,21,2,0.1437,0,3944.39,2,0
410,0,2,0.0557,0,5743.26,2,1
638,20,2,0.1472,3,12180.16,1,0
183,0,0,0.368,2,9622.73,0,0
550,25,3,0.1412,5,7436.15,0,0
371,0,1,0.1321,2,14515.82,0,1
7,39,0,0.5315,3,76136.28,1,1
288,26,1,0.0866,3,5685.94,0,0
361,0,1,0.2207,3,27967.07,1,0
231,25,2,0.3795,3,66430.24,5,1
381,30,1,0.2283,6,50673.31,2,0
265,25,0,0.251,0,17852.39,1,0
1180,23,2,0.3695,2,17769.17,0,0
218,0,0,0.0905,4,13577.67,0,0
152,22,1,0.11,1,61674.5,0,0
531,0,3,0.1135,4,5092.99,0,0
241,20,2,0.3622,3,5170.23,0,1
276,24,1,0.1799,4,3674.54,2,1
258,22,2,0.2383,3,151378.43,2,1
511,0,3,0.4794,4,51088.78,0,0
116,31,2,0.5337,1,3928.25,0,0
549,0,0,0.2419,3,1909.23,0,0
433,30,2,0.2708,0,6386.02,0,0
935,18,1,0.2583,3,8821.95,1,0
340,0,1,0.3221,3,11002.31,0,0
124,0,0,0.2136,4,1278.57,0,0
343,26,1,0.4066,4,3336.7,0,0
375,0,1,0.1086,1,34835.48,0,0
676,15,1,0.0875,1,16891.99,0,0
123,28,1,0.1435,5,3503.83,1,1
69,21,1,0.1699,5,25870.16,0,0
348,0,0,0.3289,3,26187.15,3,0
962,0,1,0.4142,3,116830.07,1,0
479,0,2,0.3422,3,6252.58,1,0
498,22,1,0.1345,7,3609.67,1,0
87,28,1,0.4259,2,6777.4,2,0
307,0,2,0.2725,2,24622.62,1,0
685,0,1,0.5528,5,1799.82,1,0
378,24,1,0.1809,2,8142.94,0,1
64,20,0,0.1487,0,8489.52,0,0
302,30,0,0.3746,3,39910.71,1,0
455,30,6,0.0797,4,4252.08,0,0
278,0,0,0.3058,2,6793.78,0,0
138,32,1,0.2294,1,15172.25,0,0
542,25,2,0.3165,1,3873.67,0,0
211,22,1,0.2278,3,3115.31,2,0
405,26,4,0.1621,4,76654.95,1,1
296,25,2,0.1875,0,15819.5,0,1
204,34,0,0.3658,2,34844.28,2,0
1033,20,1,0.1511,2,19371.74,0,0
186,26,1,0.4764,4,7039.85,0,0
315,27,0,0.3754,0,3918.13,2,0
295,28,1,0.1813,3,4115.38,0,0
342,16,0,0.1498,4,3355.74,1,0
983,30,0,0.1972,2,3374.85,1,0
456,0,1,0.0936,1,3177.64,1,1
203,0,1,0.2171,0,20674.23,2,1
787,22,0,0.5221,4,2558.95,0,0
512,0,3,0.5411,2,43112.07,0,0
206,20,0,0.0265,3,20024.66,3,0
708,0,1,0.0494,1,18167.88,1,0
86,33,1,0.3425,1,10782.89,0,0
111,27,1,0.4288,6,13358.97,2,0
59,0,1,0.2135,3,4877.98,1,0
33,0,0,0.2652,2,2945.64,0,1
674,28,1,0.0748,2,4751.56,0,0
345,19,2,0.5547,1,1679.03,0,0
65,29,1,0.3678,0,14043.7,0,0
290,0,1,0.7026,5,2444.56,3,0
562,0,2,0.3494,2,17715.48,1,0
159,0,1,0.1511,2,18325.29,1,0
231,0,1,0.1761,1,11067.06,0,0
1066,26,2,0.1043,3,4412.56,0,0
248,0,2,0.4999,2,2936.63,0,0
72,0,1,0.2407,2,3391.52,0,1
193,25,0,0.1292,3,2673.04,2,0
60,26,0,0.3444,3,7990.79,2,1
482,30,2,0.1574,1,7102.53,1,1
139,26,1,0.2903,3,79829.79,0,0
135,29,0,0.2261,5,75321.84,1,0
1130,0,1,0.1235,0,50636.17,2,0
100,0,0,0.1047,2,6379.47,0,1
82,31,0,0.1033,3,1483.68,0,0
117,21,1,0.0898,5,10110.42,1,0
574,31,1,0.1191,1,6021.78,1,0
438,19,1,0.5768,0,8484.68,0,0
190,24,0,0.3957,4,13605.6,1,0
176,27,1,0.305,5,18850.0,2,0
414,29,2,0.4551,2,959.39,2,0
355,31,0,0.1416,2,38352.89,1,0
261,0,1,0.1609,0,25570.35,0,1
449,0,2,0.1159,6,4071.16,4,0
109,17,0,0.5084,3,23564.34,0,0
141,25,0,0.2523,8,5990.5,2,1
466,0,0,0.3788,4,8449.82,0,0
377,30,0,0.1335,4,6791.14,0,0
306,34,0,0.1589,7,3399.29,1,0
1103,20,1,0.2867,5,1796.82,1,1
521,17,0,0.4932,0,215400.75,1,0
195,21,0,0.1783,1,17225.93,1,0
153,0,1,0.6295,3,9568.47,0,0
390,17,0,0.3495,6,71331.56,0,0
672,0,1,0.2359,10,1077.3,0,0
50,21,0,0.2548,5,6037.57,0,0
370,27,0,0.1298,5,3867.21,0,0
228,0,3,0.2577,5,4483.65,0,0
345,0,1,0.1306,1,8408.57,1,0
76,26,1,0.5197,9,4790.92,1,0
672,33,1,0.0598,1,956.92,0,0
799,21,0,0.5442,4,2397.0,2,0
488,22,0,0.4945,5,2685.03,1,1
909,25,1,0.2238,2,4754.07,0,1
218,24,2,0.4279,0,2580.36,0,0
363,30,2,0.1258,1,6546.16,1,0
493,0,2,0.086,1,6793.33,0,0
394,0,3,0.4146,9,610.66,0,0
242,25,1,0.1814,2,2236.0,2,1
264,21,2,0.0869,1,10506.0,1,0
750,0,3,0.3325,3,7092.27,0,0
294,29,0,0.5764,4,983.09,0,0
646,0,2,0.2789,2,21289.36,0,0
282,27,0,0.171,3,16788.59,2,0
643,0,1,0.2648,4,132675.94,0,0
318,22,2,0.2599,3,67244.91,1,0
464,0,2,0.133,3,2911.4,0,0
170,23,1,0.0681,5,6953.3,2,0
363,0,3,0.3282,2,8417.1,1,0
172,16,2,0.0141,1,37435.39,0,0
214,26,0,0.233,5,5750.22,0,0
229,0,0,0.4198,4,40737.71,0,0
260,18,3,0.2367,1,11389.56,1,1
593,27,1,0.2935,5,3108.55,0,0
207,18,2,0.3695,5,1968.71,3,1
335,27,0,0.0657,7,27475.5,0,0
645,30,0,0.478,1,25879.71,2,0
457,22,1,0.1889,3,30109.79,2,1
52,27,0,0.2529,3,365.9,0,0
74,28,3,0.3423,1,6931.5,0,0
400,0,0,0.3925,3,36465.52,1,0
199,23,0,0.5139,2,1455.87,0,1
63,0,2,0.164,5,16029.24,0,0
187,22,3,0.1279,5,4169.99,2,1
411,0,1,0.2673,4,2618.82,0,0
227,0,0,0.5768,3,3386.55,2,0
311,24,2,0.3296,0,53959.74,0,0
243,23,2,0.0601,4,23734.62,1,0
165,0,2,0.049,0,7038.59,1,0
357,23,1,0.538,4,113655.0,0,0
56,25,1,0.3876,1,943.93,3,1
147,23,0,0.4981,2,3760.06,1,1
520,24,1,0.4623,4,55265.4,0,0
77,0,1,0.2565,5,6530.66,2,0
299,0,2,0.1765,4,6318.13,1,0
212,23,1,0.2066,2,7007.04,1,0
196,0,3,0.4553,6,4678.65,0,0
555,34,2,0.1122,3,24690.16,0,0
632,25,1,0.3876,5,3008.32,1,0
116,20,3,0.5095,4,204150.88,1,0
262,0,1,0.273,3,1484.17,0,0
40,22,1,0.2052,2,61718.43,1,0
533,25,1,0.1626,2,21816.67,1,0
287,0,0,0.4384,5,3573.06,1,0
71,0,4,0.3074,5,11031.63,1,0
154,0,2,0.0782,1,22327.67,0,0
107,31,0,0.2425,3,17176.36,1,0
146,18,5,0.289,0,827.39,0,1
45,26,0,0.1109,5,12882.22,0,0
745,0,2,0.1608,3,1531.49,2,0
121,25,1,0.1055,3,28503.58,1,1
299,0,1,0.1019,2,29257.96,0,0
408,0,0,0.2762,1,1566.9,0,0
633,0,1,0.242,5,756.32,1,0
307,14,5,0.0213,4,5619.94,2,0
240,25,0,0.3202,2,6065.81,1,0
317,31,0,0.3273,4,8179.41,2,0
116,21,1,0.0653,5,13432.91,2,0
125,0,0,0.2912,3,6728.73,1,0
236,30,1,0.7926,4,9177.79,1,0
27,0,2,0.4703,4,2980.46,1,0
168,20,0,0.2451,6,2361.49,2,0
202,28,1,0.1166,1,16718.62,0,0
1000,0,2,0.2337,3,15119.53,1,0
689,0,2,0.1041,1,5274.8,0,0
407,0,0,0.5437,4,2290.8,0,0
543,0,1,0.1456,2,52197.53,1,0
124,25,1,0.3361,1,63118.09,0,1
323,0,0,0.199,4,31798.12,1,0
497,31,2,0.2826,4,17319.36,1,0
125,24,3,0.4272,3,2191.67,0,0
74,25,1,0.2919,6,37698.24,0,1
376,31,1,0.3916,6,16226.36,1,0
83,29,0,0.2626,4,2370.29,0,0
434,0,2,0.5047,3,18894.46,2,0
625,0,0,0.2589,1,4391.39,2,0
129,29,0,0.1973,0,21911.89,1,1
138,25,1,0.2327,3,31993.24,1,1
613,21,1,0.5346,3,15120.7,2,1
308,0,2,0.5523,5,2975.47,1,0
557,30,3,0.3807,2,17008.49,0,0
243,30,1,0.0741,5,15895.24,2,0
258,23,3,0.2237,4,3492.11,2,1
302,0,0,0.6762,3,5381.72,2,0
868,0,2,0.5375,3,79693.74,1,0
528,25,2,0.0885,3,59135.12,2,0
163,24,1,0.266,5,4200.85,2,1
341,0,2,0.3542,3,716.29,1,0
230,0,0,0.2694,2,47998.11,0,0
196,27,0,0.5659,3,103172.84,0,0
425,18,1,0.153,4,53552.9,0,0
365,36,0,0.266,5,5294.29,2,0
130,28,2,0.1829,3,18120.28,0,0
303,0,4,0.2169,7,2671.37,2,0
191,0,2,0.3573,5,29653.06,1,0
406,30,2,0.5478,8,4029.03,1,0
184,25,2,0.2582,2,3780.86,1,1
259,0,1,0.4333,2,7314.16,1,0
200,25,0,0.1037,4,4136.99,0,1
54,0,1,0.0537,3,19571.92,0,0
839,0,1,0.0884,3,2907.71,1,0
300,16,2,0.1301,0,180742.62,0,0
859,0,0,0.2099,3,15687.69,0,0
310,0,0,0.0572,4,5325.18,0,0
481,20,0,0.4578,2,2509.96,3,0
173,15,2,0.2877,3,5582.44,2,0
177,24,2,0.0872,2,6311.57,1,1
287,24,1,0.6903,4,5851.0,2,0
854,0,1,0.4225,3,4472.88,2,0
134,29,0,0.149,1,3018.46,0,0
40,31,0,0.4879,3,24058.86,3,0
603,0,0,0.3101,4,44163.19,0,0
502,35,1,0.0699,4,2879.64,2,0
210,25,2,0.404,3,7636.37,1,0
1078,28,1,0.4943,2,935.38,0,0
1109,22,1,0.0611,2,4209.65,1,0
50,19,0,0.1812,4,86090.61,1,1
169,29,0,0.2071,3,34193.98,1,0
286,0,1,0.407,3,17028.41,0,0
398,22,0,0.0119,5,2023.29,1,0
356,27,0,0.512,1,3511.11,0,0
299,32,1,0.0847,1,4362.76,1,0
116,30,0,0.2022,3,27609.09,2,0
435,0,0,0.564,3,38616.79,0,0
452,0,2,0.3939,6,8188.03,1,0
574,20,1,0.1532,3,24116.02,0,0
101,24,2,0.6531,3,3388.21,1,1
251,0,1,0.6717,4,12050.73,0,0
202,21,2,0.1798,4,28894.78,0,0
99,25,1,0.2355,0,55673.73,1,0
248,31,1,0.4117,0,2042.66,0,0
122,0,1,0.3951,1,46910.09,0,0
84,29,2,0.1957,6,148668.9,1,0
506,18,1,0.1263,2,1501.98,1,0
209,28,0,0.0888,2,1234.9,1,0
162,0,0,0.2374,3,58523.35,1,0
672,19,1,0.1213,5,5303.02,1,0
462,36,1,0.0478,2,6750.26,2,1
35,31,3,0.4774,0,36635.41,0,1
400,20,1,0.0968,1,3053.11,0,1
399,0,1,0.1891,2,12251.41,1,0
240,29,0,0.2055,5,1732.37,1,1
233,0,1,0.3539,2,25400.64,0,1
61,0,1,0.1718,2,25242.41,0,0
1070,30,1,0.4539,4,11083.05,1,0
247,0,0,0.2858,1,9165.21,0,1
385,19,3,0.2578,7,8874.72,0,0
258,28,1,0.4299,2,7351.92,0,0
165,23,3,0.3857,6,8264.28,1,0
534,0,0,0.356,1,25710.87,1,1
333,27,3,0.3318,5,1059.57,0,1
249,32,2,0.6576,3,81607.56,1,1
382,30,0,0.1778,1,11308.25,1,0
278,0,3,0.7408,5,134658.67,1,0
898,0,0,0.0372,1,12204.58,0,0
521,20,0,0.1382,0,9140.89,2,0
428,0,0,0.153,4,19139.8,0,0
70,24,4,0.177,3,2015.14,1,1
438,0,2,0.4297,1,2504.58,0,0
430,0,1,0.578,2,7090.82,0,0
124,32,0,0.6053,4,9876.32,1,0
68,14,1,0.5096,2,31102.37,2,0
507,25,1,0.3874,2,9899.44,2,0
551,38,1,0.2857,1,51511.14,0,0
177,21,3,0.4286,1,363.2,2,1
171,34,0,0.0805,1,78912.23,0,0
329,0,1,0.505,1,5510.13,2,1
208,28,1,0.1771,4,20455.63,0,0
66,25,2,0.1795,1,38037.34,1,0
123,21,2,0.271,1,1858.17,0,1
374,30,2,0.3436,2,51057.94,0,0
129,19,3,0.1061,2,22265.32,0,0
571,26,1,0.6678,2,75818.75,0,0
426,25,1,0.1225,3,9884.42,1,0
385,25,4,0.3907,4,8976.7,2,0
324,26,0,0.2676,5,3701.23,1,0
158,30,1,0.2695,5,3868.28,0,0
468,0,0,0.2175,5,8340.82,1,0
154,26,2,0.2849,5,18154.2,1,1
593,0,0,0.0876,4,22189.86,1,0
806,28,1,0.1277,2,2679.74,0,0
332,36,2,0.1047,1,7975.13,0,0
736,0,1,0.2218,7,11804.34,4,0
124,0,1,0.4585,1,678.7,0,0
429,20,2,0.3392,1,25248.04,1,0
293,19,1,0.404,1,6572.45,1,0
513,20,0,0.4875,7,9113.68,2,0
37,0,1,0.0632,9,51411.76,0,0
492,16,1,0.2766,7,2711.48,1,0
172,21,2,0.155,6,3145.9,0,0
305,30,2,0.1761,6,573.18,1,0
1058,0,2,0.1655,3,8131.4,2,0
439,19,0,0.251,3,32852.89,0,0
399,16,1,0.2407,5,701.89,1,1
376,18,0,0.4221,5,2545.42,0,0
636,23,0,0.3068,2,10707.75,1,0
525,25,1,0.2171,1,5048.63,2,0
379,24,1,0.2045,2,5105.7,0,0
345,0,1,0.3159,7,10559.61,2,0
329,0,0,0.18,2,79550.9,0,0
281,35,1,0.4063,2,9230.39,0,0
100,0,3,0.3786,2,11716.24,2,1
433,25,1,0.5681,2,15656.66,1,1
186,20,1,0.1379,3,848.13,0,0
255,25,2,0.1132,2,12966.43,1,1
550,0,3,0.386,4,1380.86,2,0
286,0,1,0.063,8,9078.47,0,0
269,37,0,0.1588,1,32647.56,0,1
333,20,3,0.4665,2,5325.01,3,1
230,0,2,0.3095,1,31864.23,0,1
1043,25,2,0.0303,5,1105.31,1,0
950,0,1,0.179,1,12236.89,1,0
933,0,1,0.2498,1,12471.06,0,0
377,25,3,0.3002,3,345.2,0,0
177,32,2,0.3267,6,16239.42,1,0
560,34,1,0.4319,5,243.63,1,0
232,22,0,0.189,2,10744.05,0,1
594,16,1,0.2445,2,14940.18,2,0
170,0,2,0.1316,2,5235.75,1,1
397,34,5,0.2246,2,10672.78,0,1
652,0,1,0.4199,3,132183.18,0,0
242,30,1,0.3317,4,4519.41,1,0
242,29,1,0.118,3,2140.97,1,0
75,22,1,0.2608,3,101024.98,1,1
174,0,2,0.2366,4,10973.87,1,0
371,25,1,0.5335,4,34799.62,0,0
413,32,1,0.2325,2,1207.57,0,1
457,20,1,0.5072,5,441.28,0,0
48,18,2,0.1794,2,2979.86,0,1
233,29,0,0.3875,2,6810.3,1,0
85,24,0,0.3477,4,4493.61,2,1
358,30,0,0.0596,4,4483.61,0,0
61,22,2,0.2883,4,887.94,2,1
111,24,2,0.2573,4,10927.43,0,0
519,18,2,0.3113,5,6114.73,0,0
192,30,5,0.307,4,595.86,1,0
740,35,0,0.102,5,5762.27,0,0
465,23,1,0.1493,5,7114.3,0,0
243,26,1,0.4499,1,29756.67,0,0
576,18,3,0.1093,0,4375.49,0,0
260,27,1,0.6843,5,26765.56,1,0
498,30,0,0.33,6,23393.94,2,0
167,30,3,0.4428,1,3100.23,0,1
599,29,1,0.3236,5,18682.28,0,0
68,0,0,0.4261,4,32754.91,1,0
111,0,3,0.2738,3,30840.39,0,0
130,0,1,0.2389,2,12635.01,4,1
182,26,1,0.1304,5,7268.62,0,0
381,17,1,0.5251,2,1600.34,0,1
298,20,0,0.1336,2,34225.45,2,0
502,0,1,0.1523,4,1421.55,0,0
659,24,0,0.4924,5,6736.62,1,0
60,19,2,0.5151,1,30194.85,0,0
713,18,0,0.1103,1,2470.03,0,0
255,0,3,0.1235,4,8108.23,0,0
921,0,2,0.3239,1,1230.33,1,0
161,0,1,0.0835,2,5281.58,0,0
42,28,0,0.4604,4,2461.02,0,0
469,31,0,0.0593,2,3172.03,0,1
449,0,0,0.4843,4,16189.27,0,0
114,21,1,0.3561,3,18019.29,0,1
125,0,0,0.2427,4,4096.16,2,0
529,28,1,0.3477,1,11345.71,0,0
394,0,1,0.1546,1,4704.25,0,0
236,0,4,0.1061,0,5339.4,0,1
424,0,4,0.382,2,2041.82,0,0
367,23,1,0.1922,2,4371.78,0,0
138,9,3,0.2777,2,767.89,2,1
556,19,2,0.1236,5,102379.76,1,0
484,0,0,0.2982,5,34592.94,1,0
303,14,0,0.3974,4,154612.85,2,1
529,24,1,0.2793,4,31816.42,2,0
998,27,0,0.094,4,11851.45,1,0
124,0,0,0.1583,3,593.91,1,0
244,16,0,0.2873,7,28534.32,2,1
254,33,2,0.274,6,41456.12,1,0
521,19,2,0.2919,5,2099.48,1,1
180,34,1,0.2045,5,16102.32,0,0
501,25,0,0.2367,7,9892.96,0,0
199,30,0,0.2318,3,7573.28,0,0
111,0,2,0.4453,2,15941.21,0,0
317,0,0,0.1507,6,14432.25,1,0
195,31,1,0.6087,6,2497.1,1,0
341,0,1,0.2297,4,26380.47,1,0
403,27,0,0.0666,2,1430.55,0,0
65,0,1,0.0393,3,14778.29,1,0
214,0,1,0.6133,4,11729.06,0,0
317,0,2,0.7736,6,3339.35,1,0
531,13,0,0.0583,1,36794.02,2,0
486,21,2,0.0741,4,848.93,1,0
148,28,0,0.3494,2,11362.78,2,1
264,34,1,0.188,1,10393.71,1,1
418,23,0,0.4354,4,54838.97,0,0
250,27,1,0.7098,3,18093.91,2,0
162,22,1,0.5742,2,569.12,0,1
290,19,0,0.4563,3,4692.32,0,1
390,0,2,0.1171,2,56970.73,1,1
136,27,1,0.0695,4,6738.43,0,0
451,21,3,0.2202,4,2141.03,1,1
331,0,1,0.513,6,7628.3,3,0
462,31,0,0.207,4,60696.3,0,1
285,30,1,0.224,0,2928.98,1,1
900,0,3,0.1544,1,2304.39,1,0
385,21,1,0.3645,1,6166.0,2,0
499,0,1,0.338,5,3717.98,0,0
450,0,0,0.4725,3,19627.7,0,0
261,33,1,0.0858,5,5309.72,1,1
360,21,0,0.492,1,12357.88,1,0
184,23,2,0.1877,5,57254.35,1,0
858,20,2,0.4049,5,2597.12,0,0
416,19,1,0.1151,1,28122.11,1,0
153,33,2,0.419,1,24010.13,2,0
732,30,2,0.0783,3,1827.08,0,0
272,0,1,0.2349,2,42282.23,1,0
549,27,3,0.3214,0,1852.01,0,0
63,24,0,0.2087,2,1412.21,2,1
644,14,1,0.0524,2,2955.59,0,0
404,32,1,0.5043,3,3086.6,2,0
143,0,2,0.1437,0,5348.49,1,1
399,23,0,0.3161,3,2143.11,1,0
801,25,1,0.3422,3,16035.47,1,0
189,32,2,0.3505,3,6933.3,0,0
187,22,2,0.3222,1,10104.99,0,0
258,17,2,0.2211,5,18289.1,0,0
315,25,2,0.1443,3,50434.53,0,0
573,22,0,0.5169,2,4814.48,1,0
420,27,1,0.1448,7,3875.79,1,0
258,0,3,0.2169,3,21165.05,3,0
372,0,1,0.202,4,36524.87,1,0
888,21,2,0.2062,3,8915.96,1,0
472,28,0,0.1989,2,8817.76,1,0
280,0,0,0.2283,5,6300.08,4,0
252,0,1,0.0658,2,3866.49,1,0
356,16,2,0.3903,2,5049.21,1,0
569,32,1,0.1942,4,7355.1,1,1
167,24,2,0.2475,2,17929.99,1,0
517,22,0,0.0927,1,22149.35,0,0
275,26,4,0.1221,4,2699.27,1,0
307,24,2,0.2297,2,8744.63,0,0
1358,22,2,0.0361,3,3425.66,2,0
481,0,1,0.4635,2,5953.63,1,0
200,33,1,0.4707,5,9469.45,0,0
403,0,0,0.3094,0,25625.78,3,1
588,0,2,0.4238,4,6849.12,0,0
485,0,2,0.1352,3,13809.7,1,0
34,0,0,0.1331,2,2247.85,0,0
297,22,3,0.0812,2,2075.56,1,1
416,22,2,0.0743,1,5938.45,2,0
392,27,1,0.2377,3,444174.72,0,0
214,32,1,0.17,3,3153.53,1,0
491,30,1,0.194,2,9738.86,2,0
646,0,1,0.2473,1,13223.27,2,0
67,16,1,0.0786,3,8422.98,1,1
61,32,0,0.3593,2,3954.61,0,0
401,18,0,0.1769,4,15787.09,0,1
519,22,0,0.1322,6,2716.02,3,0
189,0,1,0.1755,7,12786.3,0,0
36,31,1,0.3418,5,4026.72,0,1
301,27,0,0.5173,1,26778.22,0,0
396,21,3,0.2812,1,947.64,1,1
242,0,0,0.3027,0,7101.28,2,1
598,30,0,0.0552,4,2117.17,0,0
380,32,2,0.545,2,21850.48,0,0
173,19,1,0.3613,3,22204.65,0,1
188,19,1,0.3367,1,346.6,1,1
306,0,2,0.1576,1,1823.75,0,0
230,21,0,0.1196,4,24783.82,1,1
57,0,0,0.2249,2,6901.0,1,1
357,0,1,0.1226,4,16852.95,0,0
192,0,2,0.2038,7,7935.39,2,0
220,28,1,0.3261,3,9820.33,0,0
123,24,0,0.0358,3,26542.57,2,0
815,0,1,0.2299,3,1939.03,1,0
462,0,0,0.0961,1,4765.74,2,0
948,17,2,0.2574,6,2338.12,2,0
241,24,1,0.0998,2,11227.12,1,0
480,0,2,0.6203,4,1688.05,1,0
361,31,1,0.0106,1,24533.37,1,0
179,0,1,0.3776,5,4265.03,2,0
239,31,1,0.3148,0,14969.8,1,0
461,0,0,0.2279,2,3330.76,0,1
123,22,0,0.2371,3,21361.37,2,0
602,18,1,0.4227,2,33688.45,1,0
340,24,2,0.3487,1,20209.64,1,0
550,32,1,0.0508,3,2810.34,0,0
398,31,2,0.183,2,46705.55,1,1
68,20,1,0.4693,3,18574.14,1,1
298,31,0,0.3147,2,3780.31,1,0
611,28,1,0.1504,4,11323.69,0,0
336,23,1,0.3124,1,51225.36,1,0
303,0,0,0.2567,4,2765.84,0,0
336,0,0,0.0545,4,2673.16,1,0
52,0,1,0.27,2,6941.95,1,0
653,27,2,0.128,5,1508.77,1,0
26,0,3,0.5054,2,9233.06,3,0
744,0,1,0.4804,9,19465.65,0,0
228,26,0,0.153,2,9945.31,1,1
417,0,1,0.3044,1,3392.83,1,1
47,19,1,0.4256,2,24089.23,0,0
515,25,0,0.2899,4,6601.68,0,0
457,0,1,0.4705,4,3139.9,2,0
438,25,2,0.5502,5,11050.91,0,0
44,0,0,0.3478,5,34389.63,2,0
159,31,1,0.1472,3,4042.5,3,0
399,21,0,0.1262,4,55291.19,1,1
641,0,1,0.1377,2,8895.1,2,0
139,0,2,0.0767,2,9441.19,0,1
142,29,0,0.6389,5,9300.15,2,1
381,28,0,0.2728,7,4170.11,0,0
1281,0,0,0.5565,2,1771.29,0,0
181,20,1,0.3014,3,84721.41,1,0
226,29,0,0.1493,2,1966.67,0,0
200,29,1,0.1559,2,36005.05,1,1
276,0,1,0.0253,6,64551.62,1,0
675,0,2,0.396,3,3441.39,1,0
287,38,1,0.4163,1,17025.99,0,0
1360,0,1,0.4698,2,18555.54,0,0
327,0,1,0.314,3,18604.32,0,0
719,0,2,0.1842,2,3800.23,0,0
239,0,1,0.3372,5,5090.16,0,0
100,19,0,0.3453,4,21271.45,1,1
287,0,0,0.11,3,1132.92,2,0
442,26,3,0.219,2,734.0,0,0
160,0,2,0.3361,4,9181.46,2,0
645,29,1,0.6483,7,6939.96,0,0
208,24,0,0.2864,0,9788.01,2,1
123,21,1,0.2366,1,3406.0,0,0
1198,30,4,0.4566,2,20785.13,2,0
153,21,1,0.6772,3,22432.31,0,0
203,0,2,0.4457,2,9862.41,0,0
494,26,2,0.3159,0,1657.57,1,0
233,26,0,0.5204,4,28276.9,0,0
127,0,0,0.4382,6,984.23,0,0
187,22,1,0.1336,2,1782.18,1,1
989,0,1,0.1754,0,20154.29,1,0
453,25,0,0.3031,3,2098.33,1,0
517,18,2,0.1022,3,3348.31,1,0
367,14,0,0.3637,5,9509.66,0,0
413,23,3,0.3731,5,24474.2,0,0
219,23,3,0.3167,2,16268.01,0,0
335,23,1,0.3631,2,39560.08,0,0
40,27,2,0.4549,2,4722.03,0,1
584,30,3,0.2398,2,2864.78,1,0
217,30,1,0.4058,1,1739.7,0,0
108,30,0,0.1475,5,9266.44,1,0
349,25,1,0.3693,0,11261.39,1,0
261,0,0,0.3146,1,152975.39,0,0
570,24,1,0.5008,1,16909.74,1,0
292,25,1,0.2522,4,1036.65,0,0
184,27,1,0.1642,4,32207.54,1,0
297,20,1,0.0923,7,2939.68,2,0
774,34,1,0.2901,2,1677.17,1,0
583,27,0,0.4361,5,28051.11,2,1
452,27,1,0.4795,3,22228.71,1,0
600,0,1,0.0968,5,29965.38,0,0
477,26,1,0.3319,2,3831.23,0,0
143,33,1,0.5822,8,116778.6,2,0
520,21,2,0.2717,4,24328.07,1,0
649,17,0,0.3444,5,2590.81,1,0
673,0,1,0.342,2,116044.08,1,0
117,28,1,0.284,1,16207.8,0,0
203,24,2,0.0296,6,7940.23,2,1
179,26,2,0.5529,2,4144.4,0,0
238,25,0,0.2206,10,171.15,0,0
420,20,1,0.1513,2,20287.35,1,0
343,30,0,0.2417,5,3849.79,0,0
343,0,1,0.1723,1,6108.64,0,1
90,0,2,0.3531,1,7202.77,1,0
197,24,2,0.2862,1,2876.88,1,0
707,0,1,0.4528,4,15078.84,0,0
647,0,1,0.4632,3,2952.5,1,0
288,0,1,0.2395,4,1184.34,1,0
521,19,0,0.1827,2,8762.0,1,0
393,22,0,0.2483,3,4037.02,2,0
560,0,0,0.257,3,772.37,0,0
536,0,1,0.0506,5,1855.04,0,0
306,22,0,0.0457,3,9904.42,1,0
454,30,4,0.2497,0,9583.13,1,0
412,0,1,0.1309,5,43024.37,0,0
312,24,2,0.1332,1,33170.71,1,0
263,0,0,0.6,2,13728.97,0,0
902,30,3,0.0877,4,3475.77,0,0
312,0,1,0.2387,1,4208.35,2,1
499,24,1,0.0874,2,13704.29,2,0
857,0,1,0.5163,3,26689.95,0,0
454,22,2,0.4302,4,15570.46,1,0
440,0,0,0.238,2,4615.53,2,0
313,28,3,0.4307,6,10401.81,0,0
417,24,1,0.1192,2,5952.15,0,0
247,0,1,0.1141,3,641.56,0,0
1473,32,0,0.4341,2,6278.16,1,0
92,35,1,0.1487,0,4949.87,1,1
276,0,1,0.0054,2,21045.06,1,0
459,0,2,0.1052,2,2154.86,0,1
440,25,0,0.092,3,2474.75,0,0
246,0,0,0.5432,5,28813.21,1,0
61,33,3,0.448,1,2684.12,0,0
107,23,1,0.2518,3,3543.59,2,0
360,27,0,0.1833,4,14707.81,1,1
43,34,1,0.1371,4,19072.25,1,1
482,21,1,0.1728,4,43294.93,1,0
684,21,1,0.1817,5,5296.72,2,0
541,42,0,0.1367,6,5669.26,1,0
615,23,0,0.7798,3,6661.7,0,0
45,0,1,0.2299,4,3930.46,1,0
254,24,1,0.2101,5,13640.09,0,0
134,25,1,0.2527,4,5458.9,2,0
73,28,1,0.1403,3,1869.96,1,0
214,25,3,0.3799,4,972.46,0,0
844,35,5,0.1951,4,6966.06,2,1
997,29,0,0.1649,3,17063.16,0,0
150,31,2,0.2982,3,3556.2,1,0
329,0,1,0.059,4,1690.31,0,0
413,21,0,0.3981,1,51089.95,0,1
255,0,1,0.5388,3,5296.27,2,0
716,25,1,0.3866,0,23851.56,1,0
217,26,2,0.1859,1,28656.62,0,0
188,28,0,0.2803,3,49632.02,0,1
157,24,1,0.1904,2,7567.34,0,1
254,26,2,0.1095,5,1457.57,0,0
13,32,2,0.6662,1,816.93,1,1
264,24,2,0.6207,1,5894.53,0,1
344,25,1,0.4312,7,62066.73,0,0
360,27,2,0.3505,5,8854.61,1,1
126,0,2,0.4867,2,41314.65,1,0
355,0,3,0.0969,1,2525.52,1,0
349,0,0,0.2506,4,46314.39,0,0
355,27,2,0.2048,2,18207.99,1,0
548,0,1,0.4943,3,9475.53,0,0
122,27,0,0.2382,7,25000.29,0,0
258,23,0,0.1519,4,4094.51,1,0
57,26,0,0.1915,1,14120.69,2,0
514,32,1,0.5841,3,2938.31,0,0
140,24,0,0.1422,4,3894.2,1,0
607,29,2,0.1101,0,2694.36,1,0
621,23,0,0.0641,1,2772.69,0,0
278,0,2,0.4747,6,1007.92,1,0
267,34,0,0.0633,1,124257.26,5,0
84,0,4,0.3094,2,1914.85,0,1
321,0,0,0.4106,2,28003.5,0,0
545,25,2,0.2063,5,1068.79,0,0
387,28,0,0.1671,9,4051.65,0,0
774,25,0,0.124,2,5273.01,0,0
235,0,4,0.2733,6,44643.03,0,0
234,25,1,0.2838,3,12054.33,0,1
148,0,0,0.3233,4,2237.84,2,0
1118,0,4,0.2403,1,6042.67,1,0
83,28,0,0.0103,2,33646.92,1,0
519,16,0,0.3036,7,28575.75,1,0
553,29,1,0.5325,4,3633.14,1,0
537,0,1,0.0441,4,1388.21,3,0
159,0,2,0.3516,2,3749.16,0,0
278,0,1,0.1283,1,18302.56,1,0
468,32,2,0.3859,3,986.11,0,0
191,28,2,0.0896,6,6581.48,0,0
248,28,3,0.081,3,1876.21,0,0
194,26,1,0.4992,5,4521.72,0,1
337,24,0,0.6151,5,14966.03,0,0
321,0,2,0.2372,4,7497.81,2,0
866,0,3,0.4985,4,18663.66,0,0
475,24,1,0.2864,5,35230.66,2,0
103,0,0,0.5099,4,712520.27,0,0
112,26,0,0.3437,2,24078.41,1,0
525,30,1,0.215,4,16685.34,0,1
318,30,0,0.0582,2,3690.88,0,0
1075,24,0,0.2042,3,23700.22,1,0
1074,36,0,0.149,2,52948.67,3,0
148,0,1,0.5955,2,3603.17,0,1
392,25,0,0.4282,2,4136.71,3,0
113,22,5,0.3673,2,3722.71,1,0
519,0,0,0.3756,4,1656.47,1,0
948,0,0,0.637,6,7949.92,0,0
353,0,3,0.1238,4,1607.48,0,0
228,0,0,0.1933,1,7192.37,2,0
421,0,0,0.1945,2,11894.37,1,1
594,0,1,0.0744,3,11376.02,0,0
596,30,3,0.1563,2,4469.72,0,0
230,26,0,0.206,0,1262.86,1,0
187,23,1,0.2002,5,34978.04,1,0
377,23,2,0.008,5,971.41,0,1
243,23,0,0.359,2,9330.1,0,0
716,33,1,0.2046,3,48185.19,1,0
240,19,1,0.3156,0,9046.42,0,1
335,20,0,0.3044,3,37584.72,2,0
413,27,1,0.0203,2,14939.87,0,0
86,23,0,0.4253,4,1522.24,1,1
201,28,2,0.3056,2,39098.26,0,0
1045,0,0,0.1921,3,3995.06,1,0
577,0,0,0.2848,2,4844.61,0,0
238,25,0,0.2279,5,18409.44,0,0
520,0,2,0.3508,4,2598.19,0,0
709,0,0,0.1158,3,25031.66,2,0
268,0,2,0.3639,4,13439.26,0,0
558,26,1,0.3607,5,59005.31,0,0
505,24,0,0.4643,4,32106.0,1,0
115,26,2,0.3622,1,6336.22,0,1
269,0,2,0.082,6,4916.38,0,0
881,26,3,0.6407,3,3367.34,1,0
1025,20,0,0.0253,7,6002.07,1,0
580,33,1,0.159,1,2745.61,2,0
195,14,2,0.7083,3,5591.53,0,1
30,0,3,0.4103,7,1775.22,1,0
174,26,1,0.3083,3,2517.23,0,0
100,0,0,0.0948,3,41819.1,1,0
924,24,2,0.4999,2,1622.39,2,0
55,24,3,0.2235,6,1459.28,1,1
118,27,0,0.4638,2,3391.95,1,1
371,0,2,0.4243,5,41711.1,1,0
317,28,1,0.3451,3,2619.42,1,0
853,32,5,0.6661,2,5597.36,0,0
484,20,1,0.3752,2,11348.09,1,0
284,0,1,0.2935,4,15222.25,0,0
725,21,1,0.2826,3,7098.19,1,0
232,0,2,0.5232,6,12898.22,1,0
899,0,2,0.3759,3,25709.01,1,0
154,28,0,0.2971,1,1723.98,0,1
308,18,2,0.3342,6,3570.05,0,0
37,0,0,0.2026,4,2951.27,0,0
601,34,0,0.3804,3,5191.97,2,0
356,28,1,0.2682,1,35877.67,1,0
900,25,0,0.2951,3,26023.69,1,0
261,26,1,0.3507,1,7305.85,1,0
85,21,1,0.347,4,21260.96,0,0
441,25,1,0.3205,1,102682.0,0,0
206,0,1,0.4833,4,1814.84,0,0
543,0,1,0.3126,3,3648.3,0,0
157,29,1,0.2154,1,5851.05,0,1
796,0,2,0.2495,3,12724.77,0,0
335,30,1,0.1941,4,15043.49,0,0
285,19,2,0.2866,0,2265.66,1,0
761,0,1,0.1898,2,10042.98,2,1
607,0,2,0.5137,0,22359.21,0,1
176,25,0,0.0257,3,1873.54,1,0
595,33,0,0.0882,4,9702.05,1,0
513,23,0,0.2999,6,3879.01,0,0
298,0,1,0.1905,2,1433.45,0,1
562,31,0,0.295,1,26310.64,0,0
794,0,0,0.2418,0,14171.41,1,1
304,24,0,0.1021,3,2757.51,0,0
305,0,1,0.2077,1,24333.22,1,0
293,0,0,0.1712,3,103142.78,0,0
170,29,0,0.1393,1,9200.75,0,1
302,0,3,0.195,1,1542.52,2,1
277,21,1,0.3978,1,5645.42,0,0
265,0,0,0.1486,3,789.9,0,0
261,0,1,0.2769,1,7015.79,0,1
117,0,0,0.2168,3,5110.02,3,0
648,37,2,0.3874,5,20706.68,3,0
200,20,1,0.3405,4,3954.32,3,1
824,0,2,0.3484,5,23728.96,0,0
142,16,0,0.2927,2,3101.09,3,1
949,23,0,0.4095,4,7024.07,1,0
242,28,1,0.3692,2,1498.76,0,0
600,21,2,0.3733,4,2248.75,0,0
353,24,1,0.513,2,20752.05,0,0
103,23,0,0.2141,3,29272.25,0,0
108,22,4,0.4365,2,3696.45,0,0
187,23,3,0.5147,5,15108.08,0,1
231,27,2,0.16,1,20654.22,1,1
312,0,1,0.4257,4,2249.82,1,0
411,25,0,0.075,2,13927.73,0,0
281,17,0,0.1906,3,8222.7,1,1
395,15,1,0.3882,2,12343.3,0,0
442,23,2,0.2726,3,7005.87,2,0
272,22,1,0.4603,2,628.31,2,0
508,18,2,0.4624,0,9903.45,2,0
588,23,1,0.2272,3,6640.18,0,0
450,28,0,0.4134,0,5435.47,2,0
469,21,1,0.5968,7,1129.55,1,0
370,24,1,0.2009,5,26938.2,1,0
687,0,2,0.2609,4,8508.81,0,0
317,29,0,0.2494,2,715.35,1,0
190,0,3,0.4158,4,41471.15,1,0
324,23,1,0.652,1,13516.98,1,1
104,18,1,0.3171,2,24485.39,1,1
93,18,2,0.5782,3,5675.7,1,0
590,0,1,0.3082,2,7976.12,0,0
832,25,0,0.1969,1,29071.97,0,0
248,0,3,0.1042,4,13659.74,0,0
594,29,0,0.3985,5,6864.88,0,0
48,0,1,0.4518,2,3768.43,1,1
451,36,3,0.5408,6,374.83,1,0
318,31,2,0.3163,1,24265.88,0,0
923,25,1,0.4831,3,25161.68,0,0
285,21,1,0.181,4,19846.49,1,0
132,0,1,0.1679,1,31893.69,1,1
80,27,4,0.1265,0,2665.87,0,1
324,0,0,0.1242,4,5352.13,1,0
369,28,3,0.3887,3,4579.46,3,0
272,29,0,0.0494,1,773.99,2,0
603,26,0,0.2575,1,3957.3,0,1
774,0,1,0.4645,6,9939.22,0,0
245,34,1,0.3889,3,28494.12,0,0
59,23,0,0.376,4,15109.32,1,0
397,0,1,0.1241,3,3809.77,0,0
696,21,0,0.4826,2,25550.48,1,0
246,0,0,0.1438,5,11712.45,1,0
469,0,0,0.2032,3,1143.79,1,0
124,29,1,0.3417,4,10423.46,1,0
390,0,2,0.0375,1,21560.99,3,0
475,0,2,0.1965,2,15951.07,0,0
398,25,1,0.0028,3,2054.2,3,1
1084,16,1,0.2839,4,2717.86,1,0
826,0,2,0.5018,5,101152.37,1,0
529,0,1,0.5802,4,2850.63,0,0
653,25,1,0.141,3,9058.59,3,0
388,26,2,0.2033,2,409.74,0,0
308,30,1,0.1629,1,40863.71,1,0
226,27,0,0.2562,5,21885.16,1,0
121,22,1,0.3223,1,67395.44,1,0
851,30,0,0.1667,4,2395.46,0,0
1111,22,2,0.3066,2,36638.25,0,0
330,0,0,0.0287,4,2431.77,1,0
334,0,1,0.6387,0,54456.92,0,1
488,0,1,0.1284,2,470.01,0,0
286,22,3,0.1682,3,29649.11,0,0
136,19,1,0.6612,4,8869.88,0,0
101,23,4,0.1834,3,19217.68,1,0
1086,0,1,0.1567,2,16683.92,0,0
68,28,4,0.4153,1,14689.8,1,1
408,31,2,0.4419,2,157103.82,1,0
78,0,0,0.291,4,77252.53,0,0
297,38,1,0.3309,4,17113.0,0,0
244,27,3,0.171,2,11023.67,1,0
91,28,1,0.248,2,51042.11,2,0
500,23,1,0.2597,4,55679.39,0,0
127,28,2,0.487,2,9901.15,0,0
79,0,5,0.4266,2,9337.12,0,1
539,15,1,0.0655,4,2746.69,0,0
245,0,0,0.1667,3,12661.17,1,0
173,36,1,0.1875,1,11332.38,0,0
562,29,1,0.4931,2,28307.92,0,0
122,20,0,0.4135,2,76411.94,0,0
60,21,0,0.3559,1,38303.64,1,0
740,0,1,0.2021,4,30847.12,0,0
988,0,1,0.4141,3,6627.82,2,0
291,19,2,0.2825,1,5342.74,0,0
288,0,0,0.2838,1,21353.24,0,1
584,16,1,0.3326,3,17481.72,1,0
691,0,1,0.1715,3,20164.88,0,0
135,23,0,0.2195,4,2673.18,3,1
255,29,0,0.2418,1,2654.57,0,0
386,21,0,0.2345,3,4661.34,3,0
561,37,0,0.4436,5,20340.39,1,0
521,17,0,0.1477,0,8591.67,0,0
464,0,3,0.4332,3,53971.38,1,0
689,25,0,0.7047,2,2524.25,0,0
307,28,1,0.2178,3,2565.02,2,0
856,0,2,0.106,3,6507.51,0,0
206,25,3,0.1662,2,4348.33,0,1
527,26,0,0.3428,1,3149.96,1,0
231,22,1,0.1908,4,9149.74,1,0
294,21,1,0.1517,4,9535.39,0,0
330,26,0,0.1175,8,1818.65,0,1
220,0,2,0.633,4,4041.94,1,0
710,0,0,0.3188,7,19465.71,0,0
240,0,1,0.4824,6,5932.53,1,0
318,25,0,0.5683,8,3058.67,1,0
485,0,1,0.1257,2,5314.4,0,1
1396,15,0,0.0787,4,1880.21,0,0
497,30,1,0.3315,1,69161.36,0,0
339,28,2,0.2451,3,23597.39,0,0
50,0,0,0.193,4,155054.94,0,0
289,0,3,0.142,4,9155.63,1,0
190,21,1,0.3188,2,5336.31,1,0
252,19,2,0.0765,5,2886.37,1,1
227,26,3,0.3088,6,14046.88,1,0
481,23,0,0.1852,8,4735.25,0,0
284,34,2,0.3756,4,2561.13,0,1
154,0,3,0.3702,2,39692.88,0,0
601,13,1,0.187,3,8491.51,0,0
110,0,1,0.3192,1,11096.21,1,0
328,24,2,0.3139,6,10554.41,3,0
290,0,1,0.3463,4,13299.24,0,0
417,0,1,0.4679,4,994.21,2,0
694,0,0,0.3102,7,2035.33,0,0
1534,30,1,0.209,3,73920.77,0,0
339,22,3,0.5389,3,7661.27,1,1
187,0,0,0.3604,4,13295.23,0,0
173,19,0,0.2857,3,21089.08,1,0
172,0,0,0.2912,2,5166.89,0,0
406,0,2,0.3828,5,2245.63,1,0
38,23,1,0.3377,1,1572.58,3,1
104,0,1,0.2997,5,2416.82,0,0
406,35,0,0.2145,3,3546.84,0,0
621,23,0,0.525,1,3248.41,2,0
624,0,1,0.2806,2,1726.82,0,1
351,25,1,0.2308,1,24460.94,0,0
568,23,0,0.3594,3,47493.08,0,0
702,19,2,0.0636,5,2639.53,0,0
237,26,1,0.2704,10,1038.88,0,0
655,0,1,0.3509,0,8702.7,1,0
73,0,1,0.086,3,49866.27,0,0
101,26,2,0.429,3,1641.92,0,0
248,18,1,0.3034,2,1697.07,1,1
64,23,1,0.1051,1,472.78,0,0
487,26,3,0.1143,1,11047.35,0,0
210,21,1,0.1169,5,2440.2,1,0
292,0,0,0.4629,3,23298.99,2,0
301,24,3,0.1241,1,19340.96,0,0
243,26,0,0.3587,5,48717.06,1,0
171,19,0,0.3332,2,30206.57,0,0
470,0,1,0.1318,3,1210.66,2,0
206,22,0,0.4477,6,5797.88,0,0
298,28,0,0.238,6,31798.2,0,0
420,33,1,0.5879,2,1568.65,0,1
699,28,2,0.28,2,5147.88,0,0
662,31,3,0.3373,3,8808.19,1,0
221,26,0,0.2503,1,7632.31,0,1
164,34,0,0.4901,1,11554.76,2,0
795,0,3,0.047,5,3584.91,2,0
205,20,2,0.2585,4,2633.88,1,0
457,0,0,0.4599,2,13921.19,0,0
60,22,1,0.1386,3,6538.41,2,1
36,25,1,0.4018,3,102399.25,1,0
339,29,1,0.4973,0,2137.87,2,0
268,18,3,0.5104,3,7556.38,1,0
542,22,2,0.0239,2,1652.74,1,0
173,15,1,0.1508,4,12573.22,0,0
398,22,1,0.0905,2,6316.0,1,0
522,28,2,0.1101,2,15205.56,1,0
179,0,0,0.2055,4,3439.16,0,0
248,23,0,0.1103,7,891.51,0,0
121,29,0,0.376,1,37488.79,1,1
555,0,0,0.4527,4,23847.98,1,0
475,28,1,0.3884,4,25126.35,1,0
500,16,3,0.2257,5,23548.74,0,0
267,26,1,0.2718,4,9130.39,0,0
469,26,0,0.4581,3,16878.49,0,0
286,24,0,0.2905,1,2730.23,0,0
886,23,0,0.2307,4,4913.14,1,0
319,25,3,0.1346,4,31645.35,2,0
636,0,4,0.308,1,92568.99,1,0
268,30,1,0.2629,4,12015.1,1,0
765,0,0,0.155,1,153.21,2,0
163,0,3,0.1906,3,12411.24,1,0
434,28,0,0.6421,5,44468.04,1,0
192,0,0,0.2556,2,5627.21,0,0
385,32,4,0.3425,2,2429.04,0,0
206,24,1,0.1118,3,25671.23,1,0
318,0,0,0.1356,6,5295.27,0,0
231,22,1,0.365,6,5250.02,0,0
509,30,2,0.1765,3,1092.53,0,0
447,25,2,0.2556,1,1118.95,0,0
186,28,2,0.0048,2,22096.55,2,0
182,31,0,0.4382,3,1837.8,0,0
151,0,0,0.1527,2,67677.46,4,1
126,0,0,0.383,2,88698.93,2,0
533,21,1,0.0644,1,2315.79,0,0
144,0,2,0.2042,3,3538.43,0,0
409,26,1,0.153,0,18883.16,1,0
215,26,1,0.1729,1,50638.38,2,0
624,23,0,0.2527,4,9923.75,1,0
1028,27,4,0.1373,1,3709.18,4,0
8,25,0,0.074,2,5096.05,0,0
162,0,3,0.5188,6,9270.14,1,0
212,24,1,0.1653,6,4250.47,0,0
274,24,1,0.4009,6,35016.28,0,0
261,27,1,0.2302,2,3524.3,0,0
100,22,2,0.3029,2,14058.26,1,0
1042,18,1,0.1296,2,20216.7,1,0
269,0,0,0.7212,2,8199.69,0,0
446,29,3,0.1741,2,6176.73,2,0
455,32,1,0.2523,2,7871.34,2,0
79,0,1,0.3331,4,2848.36,1,0
241,19,2,0.2899,1,20533.18,0,1
533,0,2,0.3777,2,6926.87,0,0
798,0,2,0.0232,3,5990.73,0,0
245,0,2,0.3641,2,2176.56,0,0
95,19,0,0.3855,3,83916.24,1,0
198,0,2,0.2507,4,22666.79,1,0
237,0,2,0.3023,6,1405.18,1,0
230,28,0,0.1963,2,15967.39,1,1
152,31,1,0.1151,8,3900.55,1,0
85,0,1,0.3716,2,2722.92,3,0
120,0,0,0.4566,1,3366.82,0,0
199,26,1,0.1967,4,15101.73,1,0
527,27,2,0.3288,2,6816.98,2,0
670,24,0,0.1982,3,7625.63,0,0
344,0,0,0.2844,8,11387.39,0,0
123,24,1,0.4611,3,25002.11,0,0
209,26,0,0.1443,0,129850.52,2,0
38,0,0,0.2049,5,5907.14,0,0
808,0,1,0.4874,3,4866.66,4,0
183,17,1,0.1946,2,9202.76,0,0
420,28,2,0.1655,5,18882.66,1,0
638,0,1,0.1586,1,30231.99,0,1
958,23,2,0.563,4,2454.18,0,0
567,26,2,0.2903,2,148741.89,0,0
229,29,1,0.2012,4,1970.52,2,1
460,0,0,0.0714,2,23610.2,2,0
935,26,1,0.2498,3,19963.31,1,0
182,29,2,0.4386,4,1507.46,2,0
81,23,2,0.1105,2,11195.82,0,1
153,21,2,0.4116,0,996.8,3,1
439,22,2,0.3481,2,2995.24,1,1
234,29,2,0.0607,4,7477.23,2,1
296,28,2,0.1496,1,9603.59,0,1
492,23,1,0.5145,6,36100.4,3,0
150,34,0,0.2355,1,3530.14,2,0
285,16,1,0.0828,2,12538.83,2,0
206,32,4,0.0965,4,24611.62,2,1
910,25,1,0.4545,4,7557.4,0,0
555,0,0,0.6913,1,8050.63,0,0
235,0,0,0.1525,3,1410.29,1,0
225,15,2,0.0549,3,1162.84,1,0
979,16,3,0.3196,2,2952.88,1,0
927,20,1,0.1222,3,43060.5,0,0
437,24,2,0.3425,0,43262.54,0,0
306,22,1,0.2634,3,36243.52,0,0
102,0,1,0.073,1,12649.98,3,1
154,0,3,0.2059,3,15161.05,2,0
94,0,3,0.2062,5,4949.06,0,0
656,0,0,0.2354,6,5182.2,2,0
103,16,0,0.1999,3,707.7,1,0
222,24,0,0.302,1,10419.0,1,1
48,0,1,0.3435,3,14262.77,1,0
73,15,2,0.4579,5,3866.48,0,0
508,30,0,0.3575,0,24223.19,0,1
390,22,1,0.4188,6,35395.89,1,0
315,21,1,0.1843,2,2105.6,2,1
226,0,0,0.0752,4,129575.47,1,0
63,21,0,0.6257,7,15575.06,0,0
202,0,3,0.2292,5,52129.3,0,0
272,0,0,0.104,3,3548.44,1,0
484,0,1,0.1272,3,46214.98,2,0
631,27,1,0.1074,1,17931.45,1,1
519,0,1,0.2667,2,5698.94,0,0
388,27,1,0.2118,6,2164.75,1,0
311,0,0,0.4224,2,8202.0,2,0
361,0,0,0.4726,2,20638.85,1,0
191,26,0,0.3475,3,8886.41,0,0
332,22,3,0.4801,4,9011.82,2,1
271,0,2,0.3721,1,4514.26,3,1
1241,22,0,0.2468,5,1656.28,1,1
368,0,1,0.1372,4,10025.73,2,0
35,38,0,0.2665,0,2654.88,2,0
216,0,1,0.329,2,25369.09,1,0
248,23,1,0.3805,1,22208.19,0,1
568,21,2,0.0928,2,60075.34,1,1
402,0,0,0.1871,2,5152.23,1,1
388,0,2,0.2149,1,7699.75,1,1
749,26,1,0.3127,5,1385.47,1,1
929,24,0,0.186,3,4163.27,1,0
507,13,1,0.5159,4,8047.5,0,0
230,24,2,0.2734,3,8899.73,2,0
235,0,0,0.3951,4,5134.65,0,0
686,30,2,0.5245,1,3821.86,0,0
235,0,0,0.6161,1,10853.86,0,0
295,32,2,0.4821,3,5661.66,2,0
212,0,1,0.1642,4,39057.03,0,0
121,22,0,0.3894,2,10970.09,0,0
1179,0,0,0.4627,2,4270.77,0,0
297,24,1,0.4532,6,29737.85,0,0
821,23,1,0.2654,5,2422.48,0,0
237,24,2,0.2676,3,5066.13,0,1
183,23,0,0.3158,3,2303.37,0,1
478,28,0,0.2647,5,5973.3,0,0
630,16,1,0.8778,7,42099.82,0,0
657,0,1,0.1255,5,10147.33,2,0
269,20,2,0.2688,0,1018.79,0,0
513,31,1,0.209,4,5115.1,0,0
200,30,1,0.2767,2,11160.05,1,0
329,18,4,0.1921,5,11484.17,0,0
249,24,1,0.3507,2,6572.96,1,0
220,24,1,0.107,4,20394.17,1,1
339,23,0,0.3663,5,16365.57,1,0
118,19,0,0.1833,3,6754.29,2,1
595,20,2,0.5202,3,10773.15,0,1
221,24,0,0.1199,0,6845.14,1,1
576,33,1,0.1888,3,8668.03,1,0
142,18,0,0.2543,2,10186.89,0,0
220,20,3,0.6644,0,27427.22,1,0
118,21,3,0.3228,4,14284.21,3,0
114,31,0,0.5815,1,8134.63,1,1
159,23,1,0.4066,3,4986.44,3,0
144,24,0,0.2972,1,17957.39,0,0
119,25,0,0.1646,2,11860.16,0,0
312,30,1,0.2276,4,7221.16,1,0
471,0,1,0.3242,4,5622.7,0,0
489,26,4,0.2705,2,8767.06,0,0
58,24,0,0.2692,3,3638.02,0,0
248,25,0,0.4312,3,1435.63,0,0
229,28,1,0.2664,1,53549.95,0,0
758,0,2,0.1404,1,55397.55,0,0
255,0,3,0.176,2,9710.1,2,0
293,23,0,0.3228,4,15482.93,1,0
83,31,1,0.0576,4,6270.18,0,0
156,21,2,0.4143,5,15184.23,2,1
77,0,0,0.0549,3,9412.7,1,0
327,29,0,0.3997,1,10439.98,0,0
774,27,1,0.1213,3,2548.49,0,0
160,18,0,0.5113,6,70560.38,1,0
257,0,1,0.3842,3,2196.33,0,0
145,26,1,0.1475,4,22811.1,0,0
187,21,1,0.5063,4,3187.8,0,0
332,25,1,0.4658,4,784.44,1,0
1022,30,2,0.7473,6,25910.27,1,0
749,28,2,0.178,1,10210.96,0,0
898,26,0,0.2261,6,1631.5,1,0
579,23,2,0.3215,5,18615.74,1,0
254,26,0,0.058,4,5459.35,0,0
228,18,0,0.3655,3,74906.01,1,0
161,19,1,0.227,7,1555.68,0,1
251,31,3,0.5508,3,3950.82,0,0
782,27,1,0.3155,6,22602.7,0,0
776,22,0,0.0972,4,5057.96,1,0
1273,21,1,0.4051,5,3167.88,0,0
351,29,0,0.0466,6,11090.56,0,0
102,0,3,0.2568,4,31573.29,0,0
449,19,2,0.1326,7,7932.77,2,1
1029,29,1,0.3078,2,6531.14,1,0
851,24,2,0.1572,4,3396.03,1,0
207,26,1,0.6169,7,4909.54,0,0
111,0,4,0.0661,2,2212.69,0,0
108,22,0,0.2682,1,36563.76,2,0
170,31,2,0.2723,2,19719.88,0,0
193,20,1,0.3482,3,1796.17,1,1
240,0,0,0.2267,1,4244.79,0,0
492,0,3,0.3839,6,20657.34,0,0
233,23,1,0.2191,6,18410.09,0,0
318,24,1,0.3685,5,7468.95,1,0
72,26,1,0.6621,1,6222.64,0,0
161,0,0,0.4702,2,8356.83,2,1
155,23,1,0.2107,3,4911.43,1,0
60,0,1,0.112,1,30519.08,0,0
228,20,1,0.8488,2,19466.02,1,0
73,0,2,0.401,3,11854.31,0,0
216,23,3,0.1635,5,2265.49,0,1
336,0,3,0.4435,0,4017.81,3,1
791,21,0,0.7071,3,3955.22,0,0
148,21,2,0.3625,7,5412.17,1,0
329,33,2,0.218,3,10375.21,2,1
180,0,1,0.2005,3,55646.63,1,0
68,20,2,0.5863,1,10333.97,0,1
797,29,1,0.1109,3,1602.39,0,0
348,0,1,0.1722,4,18929.85,2,0
433,0,0,0.4602,2,1658.63,0,0
884,24,1,0.3498,4,14420.13,2,0
215,29,0,0.4138,3,4947.11,1,0
97,27,1,0.3014,4,16621.77,0,0
146,0,0,0.5235,4,15710.51,0,0
88,25,1,0.2283,3,10239.67,0,0
654,33,1,0.2909,2,2385.43,1,0
1055,15,1,0.3555,2,3948.91,0,0
333,27,1,0.2539,2,15382.16,0,0
502,29,0,0.3251,2,10329.85,0,0
596,19,1,0.4485,5,74014.53,0,0
923,32,3,0.2004,2,9827.08,1,0
1027,0,1,0.671,1,21130.25,0,0
45,33,2,0.475,4,5135.66,1,1
185,23,2,0.2865,2,2970.66,0,0
306,33,2,0.604,6,32782.19,0,0
166,22,0,0.7331,0,3489.18,1,0
244,24,0,0.1336,2,1485.49,1,0
413,0,2,0.5786,0,1649.94,1,0
405,23,2,0.0515,2,12629.36,1,0
583,14,1,0.2358,1,3637.96,0,0
311,18,0,0.2929,4,1323.26,0,0
20,30,0,0.5239,2,81547.0,1,0
228,0,2,0.0685,3,589.68,0,0
385,0,1,0.2759,4,4953.26,0,0
612,0,0,0.5495,2,56759.21,1,0
552,34,3,0.3051,4,8701.62,0,0
280,22,0,0.0631,3,155569.86,1,1
175,19,1,0.2219,1,20733.85,1,1
290,24,0,0.5168,3,1969.15,1,0
54,30,2,0.2677,4,19932.19,2,1
190,21,1,0.2524,1,4107.42,3,0
690,28,1,0.4973,3,5974.81,3,0
289,26,3,0.459,6,2427.63,1,0
397,0,2,0.1575,5,3698.61,0,0
84,31,0,0.1846,6,19340.95,1,0
609,18,2,0.1185,5,2729.03,0,0
269,20,2,0.3803,4,794.69,2,0
387,29,2,0.1865,2,13254.9,1,0
450,0,2,0.0303,2,6038.99,1,0
593,22,1,0.0339,2,24430.83,1,0
345,0,2,0.4888,2,3228.1,2,0
274,25,0,0.2932,1,27623.55,3,0
104,0,1,0.158,5,19103.24,1,0
77,18,4,0.2616,5,15052.24,2,1
340,19,2,0.4211,1,1603.81,2,0
389,0,0,0.2308,1,7543.66,0,0
436,32,0,0.4418,3,23941.09,1,0
149,0,4,0.3793,6,4170.61,1,0
191,33,2,0.3427,2,653.51,1,0
335,32,1,0.2535,3,3595.95,0,1
211,26,0,0.1668,3,2597.1,1,0
1341,15,0,0.1825,7,3911.03,0,0
188,37,0,0.3362,3,1430.99,1,0
408,30,3,0.6918,3,20520.35,0,1
541,21,1,0.4289,2,16812.63,1,0
564,32,1,0.2892,1,2725.03,2,0
208,22,4,0.4296,0,4818.65,1,1
451,0,1,0.3732,4,2841.86,2,0
412,0,1,0.1063,3,14523.96,0,0
465,28,4,0.1509,2,2434.33,0,1
332,31,0,0.0375,2,2901.36,2,0
544,0,1,0.4571,4,9135.57,2,0
362,24,2,0.211,2,2930.22,1,0
93,28,0,0.2465,4,60595.07,2,0
354,24,0,0.1905,2,3415.64,0,0
385,27,1,0.2301,3,19517.82,0,0
518,24,1,0.3066,6,23365.23,2,0
340,34,2,0.2838,5,1503.64,1,1
938,0,1,0.2311,2,5910.45,1,0
281,0,0,0.2994,5,2849.8,1,0
200,0,1,0.1333,6,24007.75,0,0
751,27,3,0.0491,1,7386.66,1,0
275,30,2,0.2397,3,23586.82,0,0
317,21,4,0.2004,4,57420.11,1,0
385,0,3,0.1601,3,64308.72,1,0
362,24,1,0.1528,2,2235.88,0,0
463,26,0,0.1377,2,1967.83,0,0
497,31,3,0.2738,3,1964.07,0,0
185,31,2,0.3788,2,31630.77,2,0
113,23,3,0.4816,1,19976.36,0,0
126,26,0,0.4194,4,18312.49,0,0
696,21,1,0.2383,3,15656.93,0,0
258,0,2,0.1663,3,4956.93,0,0
538,21,0,0.1129,1,9022.66,0,0
506,22,2,0.2679,3,12124.82,1,0
317,20,3,0.2952,4,9277.4,0,0
147,24,1,0.3971,3,3726.69,2,0
515,0,2,0.2243,1,55918.81,0,0
309,19,1,0.4463,4,1919.28,3,1
106,17,1,0.1319,4,4903.98,0,0
213,22,1,0.3944,6,46813.17,1,0
70,26,2,0.2055,5,24719.38,2,0
221,30,1,0.3613,2,1766.08,0,0
329,29,0,0.0927,1,584.07,2,0
285,16,0,0.5181,3,2354.21,2,0
259,22,0,0.5843,2,9349.62,0,0
327,26,2,0.3685,3,8718.47,2,0
443,0,1,0.3904,5,7785.38,0,0
567,21,3,0.0778,4,16165.42,0,0
620,26,1,0.4297,1,8369.26,0,0
168,19,1,0.0846,4,25449.19,0,0
662,28,2,0.1481,2,20111.64,1,0
309,31,2,0.3351,1,607.99,0,0
237,26,0,0.3944,3,9007.54,1,1
130,0,1,0.4756,4,6263.55,0,0
422,30,1,0.2007,3,11258.67,1,1
410,0,0,0.096,5,6066.75,0,0
197,25,2,0.2105,5,1171.56,0,0
202,24,0,0.3023,3,14040.55,1,1
277,0,0,0.1142,1,18657.08,1,0
234,22,0,0.453,2,884.8,2,1
161,24,0,0.1392,3,64421.1,1,0
117,26,2,0.3515,4,25018.09,0,1
667,18,0,0.5869,2,2755.8,0,0
212,18,0,0.3661,3,2167.99,1,1
408,27,1,0.4232,4,10327.55,0,0
467,21,1,0.1281,5,9462.65,4,0
423,20,1,0.2659,7,17048.01,0,0
484,28,1,0.2267,4,14615.8,0,0
420,24,1,0.6361,5,16379.58,3,0
182,16,2,0.3463,3,2136.59,2,1
244,25,2,0.2247,2,6848.43,2,0
655,20,2,0.0765,1,12234.61,0,0
207,27,1,0.4567,4,6098.79,3,0
310,18,2,0.2106,6,17611.27,0,0
444,18,1,0.3434,4,29509.81,0,0
818,25,3,0.5881,2,2996.91,0,0
616,28,2,0.2332,3,7768.16,0,0
142,15,3,0.3212,6,4295.93,0,0
399,17,1,0.4136,2,4869.0,2,0
367,32,2,0.0717,4,1128.22,0,1
246,23,0,0.0805,5,13303.61,0,0
316,27,0,0.1403,4,252588.19,0,0
181,22,0,0.2986,3,13380.35,1,0
273,36,1,0.1922,2,126353.3,0,0
209,28,0,0.0648,3,38154.09,1,0
334,0,1,0.3763,3,3285.02,0,0
239,0,1,0.2922,6,13481.95,3,0
860,30,1,0.3906,0,20794.83,0,0
342,19,3,0.3567,5,19530.68,0,0
296,0,0,0.1063,4,3410.71,0,0
262,33,3,0.162,1,10434.67,3,1
240,17,4,0.2745,2,60273.85,1,0
106,16,0,0.3077,4,1254.78,1,1
537,21,2,0.293,1,28025.78,0,0
751,25,0,0.0939,3,33439.9,2,0
206,25,1,0.3176,2,1036.47,0,0
653,33,2,0.1238,0,3813.54,1,0
1332,31,1,0.3528,4,5814.51,1,0
1031,0,2,0.2536,1,23183.0,1,0
729,27,0,0.1107,3,8175.25,1,0
119,28,1,0.1197,2,4183.47,0,1
118,0,1,0.3807,3,8911.71,3,0
483,26,0,0.4402,3,13638.35,0,0
312,0,0,0.242,3,6678.29,2,0
42,28,2,0.2984,3,56995.89,0,0
225,31,1,0.1583,2,8439.9,1,0
468,26,3,0.3224,3,19714.85,3,0
276,26,2,0.7245,4,2277.64,1,1
313,22,1,0.3439,2,12529.13,0,1
118,23,0,0.4651,4,4410.23,0,0
223,0,2,0.0958,3,4418.77,1,0
484,22,2,0.274,0,51521.64,1,0
215,17,3,0.1146,4,3676.95,0,1
688,0,1,0.0698,6,4376.09,1,0
318,0,1,0.1587,1,1017.6,0,0
420,29,1,0.5038,3,2801.66,1,0
477,0,1,0.209,5,1057.38,0,0
464,21,0,0.1754,0,33328.6,0,0
138,0,1,0.2298,3,12601.77,1,0
160,33,1,0.2681,0,21315.42,1,0
41,19,5,0.1971,0,14154.38,1,1
244,25,0,0.2635,2,2562.69,0,0
150,27,2,0.5301,2,21596.97,1,1
210,0,2,0.3846,4,6429.75,0,0
263,22,2,0.3258,4,16257.47,0,0
349,34,1,0.7609,3,305.68,0,0
279,25,2,0.2479,6,1934.17,1,0
275,25,2,0.3484,3,3477.41,1,1
397,0,0,0.4528,5,11698.8,3,0
303,23,1,0.5206,1,1224.11,0,0
564,34,0,0.4153,3,124068.36,1,0
304,0,3,0.3022,4,36874.05,0,0
822,24,0,0.3533,2,38634.86,0,0
134,0,2,0.3153,2,45466.07,0,0
240,25,0,0.1001,4,15582.19,0,1
183,24,1,0.2338,0,2092.52,2,1
359,28,1,0.5296,3,14048.25,1,0
134,0,3,0.4927,1,4488.25,1,0
85,0,1,0.3195,3,6134.73,1,0
156,30,0,0.5027,2,22617.66,0,1
91,0,2,0.2486,3,4122.1,1,0
266,21,0,0.163,3,3870.82,0,0
349,31,1,0.2238,2,25673.27,0,0
73,27,2,0.4627,5,3033.21,1,0
229,29,3,0.243,6,5590.16,1,0
615,0,2,0.3971,0,7325.05,0,0
736,0,0,0.2294,0,16268.71,2,0
511,22,0,0.0527,1,19490.1,0,0
24,30,1,0.061,6,3650.78,0,1
326,18,1,0.0235,4,1088.16,0,1
663,28,2,0.3824,4,37625.79,2,0
211,15,2,0.1366,3,544.25,0,0
108,22,1,0.1336,4,13194.34,0,0
630,16,1,0.6347,1,7656.93,0,0
693,28,4,0.2466,2,11091.75,1,0
301,29,3,0.1672,5,11734.74,2,1
109,23,0,0.1487,1,6091.54,0,0
64,17,4,0.4558,6,7330.14,0,1
385,25,1,0.1691,4,12088.77,1,0
185,0,0,0.3136,7,11162.27,1,0
287,21,1,0.298,4,288.25,0,0
265,19,1,0.436,2,7459.67,2,0
149,29,3,0.2654,5,21159.82,2,1
61,0,3,0.2497,3,3406.74,2,0
216,27,1,0.205,2,14117.27,0,0
335,23,0,0.1012,4,27588.9,0,0
347,21,0,0.3154,5,9064.25,0,0
175,27,1,0.1853,1,9402.58,3,1
683,18,1,0.6471,4,1590.83,1,0
119,24,1,0.3303,1,7246.34,0,0
583,31,4,0.5759,3,14724.27,0,0
328,31,0,0.251,4,4796.56,3,0
217,16,2,0.2768,6,5098.79,3,1
421,24,0,0.2005,4,15106.77,0,0
253,0,2,0.6436,6,12418.4,3,0
84,32,3,0.2963,5,14176.83,0,0
111,27,1,0.1326,6,1231.92,0,0
241,36,1,0.3441,4,13458.56,2,0
195,28,0,0.2993,2,1185.37,1,1
574,30,0,0.1149,1,5867.66,1,0
188,24,1,0.4774,3,83022.62,2,0
179,27,0,0.1946,2,15998.51,1,0
160,30,1,0.3822,3,11991.45,3,1
149,20,0,0.3016,3,2968.61,0,0
153,28,3,0.1558,1,51581.37,1,0
97,13,1,0.3509,1,11763.99,0,0
338,24,3,0.549,3,500.82,1,0
270,0,0,0.5132,4,3584.4,1,0
261,31,2,0.3936,4,11253.64,0,1
68,36,1,0.1526,1,6182.1,1,0
396,19,1,0.4025,2,29713.56,0,0
424,0,0,0.5573,4,2091.08,0,0
796,35,1,0.1955,3,9984.8,1,0
408,30,1,0.2032,4,3813.63,0,0
902,29,2,0.4621,1,9789.96,1,0
172,26,1,0.2475,3,4188.53,0,0
824,21,1,0.2291,3,8700.25,2,0
418,0,1,0.3739,3,49595.91,1,0
382,21,0,0.3524,2,1217.03,3,0
256,16,1,0.1357,3,95850.19,0,0
217,0,3,0.2863,1,526534.53,0,0
183,0,2,0.2259,2,4433.83,0,0
843,0,1,0.197,3,43394.49,0,0
250,0,1,0.2518,3,23769.39,0,0
423,17,4,0.3495,6,20402.03,2,0
488,34,1,0.1806,2,3249.67,1,0
484,31,1,0.1625,5,2605.52,1,0
339,26,2,0.055,3,4567.03,0,0
814,25,1,0.5505,2,4861.9,0,0
400,21,1,0.5591,1,1852.61,0,0
179,19,3,0.3339,3,3149.33,1,1
225,25,0,0.7379,2,27119.04,1,1
72,21,1,0.3158,0,51714.3,0,0
366,31,0,0.0369,5,2726.42,1,0
448,23,2,0.3479,4,151588.39,1,0
475,30,3,0.2597,5,1447.35,2,1
418,26,3,0.173,1,1954.33,1,1
257,26,2,0.4612,0,841.45,1,0
294,0,2,0.146,7,926.97,1,0
295,18,0,0.3204,1,31870.07,1,0
575,26,0,0.1,2,4549.19,1,1
46,29,1,0.2364,6,7657.53,1,1
205,26,1,0.4949,5,5234.1,0,0
126,0,0,0.4428,3,1615.61,0,0
1033,16,2,0.2545,1,951.89,0,0
652,28,0,0.1013,3,522.28,2,0
212,18,0,0.6512,2,5169.73,2,0
87,20,1,0.1618,0,11843.84,0,0
112,0,2,0.2437,5,2244.28,1,0
570,0,1,0.2207,2,453.91,1,0
70,31,0,0.1842,12,20764.62,0,0
298,0,1,0.2428,2,24394.8,0,1
509,19,1,0.2302,1,1244.21,2,0
102,19,1,0.493,2,1586.87,0,1
296,35,3,0.3084,7,17020.66,0,0
215,22,2,0.294,4,652.0,2,1
193,0,2,0.3389,1,1280.49,1,0
168,22,2,0.3575,5,38568.92,2,0
537,29,2,0.478,1,3540.7,3,0
745,0,2,0.0662,8,7029.32,0,0
242,29,0,0.1134,3,1621.5,0,0
383,27,2,0.0184,2,26567.46,0,0
301,0,1,0.0725,5,6056.42,0,0
53,0,1,0.3878,1,22616.28,0,0
234,23,1,0.1445,6,3529.65,1,1
43,23,2,0.1404,3,1676.2,2,1
201,33,1,0.2094,2,5728.63,0,1
289,20,2,0.3855,2,2388.26,2,1
481,21,1,0.2417,5,3528.31,0,0
359,0,0,0.2551,4,2367.86,1,0
547,23,2,0.2915,0,1429.66,0,0
146,21,1,0.5006,2,16672.25,0,0
684,24,0,0.3682,3,11600.26,1,0
746,21,2,0.1114,2,1962.52,1,0
40,34,5,0.4008,7,55752.09,1,1
66,0,2,0.3516,5,2693.19,1,0
284,20,0,0.4741,5,18003.9,2,0
189,0,0,0.2394,5,281.77,1,0
213,31,2,0.1665,7,4609.12,0,0
356,0,2,0.3727,3,704.22,0,0
562,21,1,0.247,7,2311.26,0,0
139,0,0,0.2477,2,10731.34,1,0
625,24,2,0.3165,4,9339.42,0,0
165,0,1,0.5582,4,2612.72,0,0
1124,25,3,0.4064,2,6913.89,2,0
687,23,1,0.5076,1,9450.59,1,0
180,23,1,0.2543,4,3048.35,0,0
89,21,1,0.3683,4,14770.24,0,1
176,21,0,0.1544,2,7743.37,2,0
157,28,3,0.3346,1,3426.02,1,1
441,27,1,0.0986,2,58858.38,0,0
41,0,1,0.31,3,4065.46,2,0
67,21,1,0.0408,5,1811.8,1,1
432,28,1,0.0552,2,21448.07,1,0
151,32,2,0.2486,3,13904.43,1,0
203,24,1,0.1621,3,573.95,0,0
507,20,2,0.3143,1,611.34,0,1
578,19,2,0.3655,1,11633.96,1,0
665,30,1,0.1374,2,2814.27,0,0
478,13,0,0.2731,2,9448.44,0,0
250,0,0,0.2418,6,4072.06,0,0
235,32,2,0.4511,5,12384.65,2,0
214,27,0,0.4954,3,16261.71,1,0
102,0,2,0.21,3,688.74,1,0
135,29,4,0.5136,3,1960.8,0,1
609,16,0,0.2777,1,44563.67,0,1
164,30,1,0.1764,1,11139.86,0,0
103,30,0,0.1177,0,15136.27,0,0
643,26,1,0.2614,5,106682.75,1,0
341,14,1,0.2801,5,27354.75,2,0
855,23,2,0.6656,2,7580.58,0,0
796,26,1,0.5152,2,1705.55,3,0
111,0,3,0.4241,3,34151.97,2,0
271,17,0,0.4164,1,35276.32,0,0
126,17,0,0.4083,7,9500.26,1,1
125,0,1,0.0946,5,75179.57,0,0
209,29,2,0.347,4,11379.44,3,0
450,26,0,0.3852,2,8767.1,1,0
452,24,1,0.4689,0,34226.62,1,0
414,26,1,0.2476,3,14668.54,0,0
250,29,1,0.0912,3,20241.31,1,0
469,25,1,0.4971,1,613.63,1,1
102,25,2,0.2583,4,12468.44,2,0
345,16,2,0.0162,1,4445.98,0,0
296,24,3,0.2152,3,4109.67,1,0
238,17,1,0.4059,5,6091.99,1,0
355,0,0,0.6202,3,3511.62,2,0
128,29,1,0.368,1,19152.16,1,0
425,26,0,0.3439,4,1893.73,1,0
291,23,1,0.3631,4,918.5,0,0
73,23,2,0.2368,4,6740.87,1,0
286,25,1,0.3284,5,39933.23,2,0
191,28,2,0.2441,0,4279.61,0,0
619,0,0,0.4324,2,5847.08,0,0
109,22,2,0.0959,5,5685.57,1,1
112,23,0,0.3502,3,165065.16,0,0
387,0,1,0.356,4,24968.41,2,0
258,19,3,0.2309,2,3927.56,0,0
248,30,0,0.1808,1,6291.19,0,1
1128,25,2,0.6268,5,3137.03,2,0
461,25,1,0.3134,4,75442.75,1,0
224,0,3,0.2052,2,1274.33,2,1
64,29,2,0.0277,2,2493.07,0,1
215,26,1,0.4507,3,23414.33,0,1
98,24,1,0.3197,2,62217.73,0,1
135,25,0,0.3501,2,7909.6,0,0
139,31,1,0.1343,6,5799.97,2,0
586,0,0,0.5066,4,8443.74,0,0
80,20,1,0.4018,2,8849.88,0,1
547,27,1,0.4892,1,100547.53,3,0
400,18,3,0.0653,5,13675.32,0,0
396,25,1,0.121,7,5193.71,2,0
131,0,0,0.0401,3,13054.8,0,0
498,26,1,0.3057,4,24915.75,2,0
117,29,1,0.3049,1,2600.1,2,1
754,19,2,0.2098,7,11002.72,2,0
595,25,1,0.5118,2,8333.14,1,0
840,28,0,0.5041,0,2036.23,1,0
298,0,4,0.3868,3,4869.19,0,0
257,21,2,0.1373,1,4539.56,0,0
210,23,1,0.5734,2,4458.15,0,0
1112,23,1,0.1164,3,76526.66,0,0
447,27,1,0.1554,1,8293.26,1,0
100,35,4,0.3159,3,12290.34,2,0
696,30,3,0.1212,4,17815.2,0,1
250,19,2,0.4194,4,7486.77,0,1
16,19,0,0.3382,1,4752.39,1,0
156,0,2,0.2455,4,48448.53,0,0
595,19,3,0.3085,1,48889.34,1,0
401,22,0,0.393,1,24059.71,3,0
459,0,1,0.3734,5,7093.21,0,0
692,0,2,0.3638,2,12344.94,1,0
53,25,2,0.2499,2,3052.64,1,0
158,29,0,0.1387,1,9126.03,0,0
303,0,2,0.3801,4,1973.41,0,0
607,0,0,0.1613,4,21091.46,1,0
117,21,1,0.3848,1,58385.77,1,0
223,20,0,0.2613,3,2092.73,0,0
288,29,1,0.0667,5,66524.59,1,0
151,24,2,0.0607,3,17183.56,0,0
286,30,1,0.2381,3,3186.03,2,0
256,0,0,0.0335,4,11012.59,1,0
187,20,1,0.2728,5,51342.44,0,0
497,28,2,0.139,8,35840.59,0,0
437,24,2,0.3939,1,34540.36,0,0
513,22,1,0.4895,2,5184.01,1,0
544,28,4,0.3252,2,2629.69,0,1
71,21,1,0.3839,2,8083.7,0,0
79,0,1,0.1386,4,9362.57,2,0
468,20,0,0.5962,2,6260.97,0,0
201,19,1,0.0711,4,3894.63,0,1
181,25,1,0.488,2,2413.21,2,1
159,29,2,0.3347,5,19037.33,0,0
525,0,2,0.4556,3,3469.61,1,0
1066,26,1,0.2174,1,21297.6,0,0
542,0,0,0.1493,3,5656.82,0,0
194,0,0,0.4937,2,7217.5,2,1
507,30,1,0.1215,1,1969.64,1,1
77,23,2,0.385,4,13109.84,2,1
243,26,1,0.2775,0,5814.77,0,0
53,24,2,0.2577,5,2225.54,2,0
202,0,2,0.2457,2,6155.61,1,0
328,0,1,0.1031,3,2877.77,2,0
1196,0,2,0.5354,5,1222.79,1,0
641,18,0,0.4984,1,20034.69,0,0
54,0,2,0.2328,4,2043.11,1,0
60,17,0,0.424,4,13970.91,0,0
152,24,1,0.09,0,125863.36,2,1
911,27,0,0.1358,1,2624.0,0,0
57,21,2,0.707,2,14177.75,2,0
160,0,1,0.2473,7,4976.22,3,0
159,26,0,0.4347,2,10926.74,1,0
387,24,0,0.2187,0,967.01,2,0
516,0,2,0.157,1,13234.75,3,1
440,22,1,0.4079,4,9187.3,1,0
349,0,0,0.0709,2,146223.26,2,0
73,19,0,0.6171,6,697.76,1,0
309,26,2,0.5136,4,4536.49,1,0
705,0,0,0.3749,2,14018.57,1,0
867,19,2,0.3384,2,23307.77,0,0
379,31,3,0.0959,2,6984.94,0,0
55,27,0,0.1606,2,36948.74,0,0
384,19,1,0.1496,0,8753.55,0,1
256,25,1,0.2149,5,9536.79,1,0
65,0,3,0.1872,3,1013.87,0,0
111,0,1,0.3978,4,16346.8,0,0
131,19,0,0.3284,1,50016.38,1,0
470,24,1,0.1074,2,2468.23,0,0
842,25,1,0.266,1,4770.19,0,0
420,26,1,0.391,5,1480.28,0,0
480,29,2,0.4344,3,14148.93,1,1
270,17,1,0.3075,2,6665.81,0,1
179,27,2,0.0374,7,21443.11,0,0
428,23,1,0.3075,2,7386.63,2,0
352,30,3,0.4628,2,7214.78,2,0
142,33,2,0.4466,3,7524.31,1,1
335,24,1,0.1023,2,9928.59,0,0
284,19,0,0.1324,4,8327.26,1,0
222,22,0,0.7352,3,13494.76,0,0
173,0,2,0.3521,5,44953.24,0,0
379,35,0,0.2747,5,26104.95,3,0
183,28,1,0.1829,2,66645.91,0,0
1067,22,1,0.0803,3,1991.97,1,0
410,0,1,0.1937,3,3269.57,0,0
384,29,1,0.3267,4,30665.1,0,0
248,35,2,0.3162,1,2407.28,0,0
206,16,0,0.2329,0,56606.69,2,0
41,0,1,0.2738,8,4393.21,2,0
150,30,2,0.2272,2,6812.14,1,1
54,0,1,0.1844,2,5186.29,0,0
53,36,1,0.2821,2,8222.77,0,0
95,27,0,0.0301,2,59251.42,0,0
656,25,0,0.1899,3,39412.41,0,0
654,14,1,0.18,2,84874.63,0,0
153,25,1,0.2174,3,125260.46,1,0
72,26,1,0.4742,2,4675.32,0,0
199,12,0,0.3123,1,2406.45,1,0
466,29,0,0.4822,3,9864.98,1,0
566,0,1,0.4415,1,11980.51,0,0
331,27,1,0.0769,2,1383.69,0,0
376,0,2,0.2469,3,21011.58,0,0
349,33,1,0.2031,1,2323.96,1,0
58,27,1,0.5678,0,4961.0,3,1
79,27,1,0.1895,1,19774.77,0,0
866,25,0,0.352,2,14323.15,1,0
330,0,0,0.4183,5,8866.46,1,0
30,29,0,0.2375,4,10839.37,1,0
392,23,1,0.5179,6,17813.43,1,0
125,0,0,0.2732,1,3931.67,0,1
598,20,1,0.1475,5,12012.85,2,0
555,15,0,0.2426,7,8062.22,0,0
448,36,0,0.318,0,9568.24,1,0
327,0,2,0.2174,5,32515.13,1,0
699,0,0,0.3178,0,11440.71,0,1
748,23,1,0.3533,6,44752.34,1,0
128,25,2,0.2089,3,4474.67,1,0
444,17,3,0.1453,1,7251.22,0,0
175,0,1,0.5537,4,1305.34,0,0
111,24,0,0.1876,2,2553.06,0,1
748,29,1,0.2641,2,5173.33,1,0
496,20,0,0.171,2,14312.18,2,0
348,25,0,0.3651,1,4447.24,2,0
140,25,3,0.1584,1,2191.26,2,1
762,16,0,0.4916,4,12252.1,0,0
123,25,3,0.1917,1,1097.39,1,0
99,31,0,0.1507,2,1146.72,0,0
285,31,4,0.499,5,3031.33,0,0
466,28,2,0.2079,3,13019.73,2,0
215,25,0,0.5399,5,2847.94,1,0
323,0,4,0.3801,4,9103.94,1,0
174,27,1,0.4782,3,19927.94,1,1
192,0,0,0.3743,3,14264.94,1,0
931,0,0,0.5308,2,64487.59,1,0
264,29,5,0.4355,2,9862.32,0,0
730,0,1,0.6961,1,44780.01,0,0
51,0,2,0.0934,1,17143.09,0,1
607,0,0,0.5475,2,5061.5,0,0
146,0,2,0.3065,1,2559.42,0,0
505,29,2,0.1423,3,9842.87,1,0
145,26,1,0.2679,1,1705.8,0,0
203,27,2,0.1479,2,6249.8,0,1
108,29,1,0.4373,4,6800.27,0,1
511,23,3,0.2623,6,33394.23,2,0
569,21,0,0.3024,6,3456.89,1,0
150,23,1,0.1441,4,13771.0,0,0
67,22,2,0.1592,5,2524.74,0,0
723,21,1,0.179,2,22936.12,1,1
166,28,2,0.0918,2,49873.52,0,0
253,0,0,0.1143,2,2993.61,0,1
127,22,0,0.1962,1,9630.79,0,0
477,27,1,0.1843,3,181356.17,1,0
486,20,3,0.1852,5,3339.32,0,1
805,0,2,0.6605,4,1415.5,0,0
619,27,2,0.6063,2,10630.25,0,0
590,23,0,0.3341,2,2255.62,1,0
272,0,3,0.2394,0,12680.95,1,1
246,13,1,0.205,1,23041.21,1,1
472,20,2,0.4385,1,2372.34,0,0
260,0,3,0.056,1,1386.5,1,0
634,19,0,0.2037,5,27734.83,0,0
120,0,1,0.5698,2,64900.09,1,1
49,34,0,0.2747,4,5621.67,1,0
433,0,2,0.2683,3,42658.34,2,0
185,0,0,0.0859,1,67460.53,0,0
103,19,0,0.1546,5,19064.49,1,1
1149,19,2,0.3207,2,9584.79,0,0
292,0,2,0.2836,5,18303.78,1,0
81,13,0,0.2974,3,23018.55,1,0
166,12,5,0.5166,3,547.94,2,0
230,20,2,0.4117,2,7038.7,2,0
427,26,1,0.4354,3,1684.73,0,0
167,21,1,0.1591,4,2740.87,3,1
256,12,1,0.3007,10,11911.46,1,0
357,31,1,0.4211,2,7221.22,0,0
408,32,0,0.3608,4,8432.17,1,0
271,0,3,0.4878,2,6934.09,1,0
922,0,2,0.4052,2,6477.57,1,0
481,23,0,0.2529,5,7980.79,2,0
462,0,0,0.3441,4,52864.01,1,0
450,22,0,0.3643,3,17629.39,0,0
637,22,1,0.2704,1,2634.57,2,0
339,19,1,0.188,2,4769.0,2,1
118,29,2,0.0933,3,18451.09,0,0
393,26,0,0.3166,3,5868.26,2,1
431,26,0,0.0865,5,15003.34,0,0
706,0,1,0.7663,2,7890.49,0,0
107,0,1,0.1874,2,10435.47,2,0
133,28,0,0.5473,2,37433.49,1,1
300,23,0,0.326,2,13124.43,1,0
459,22,2,0.1306,5,82673.02,0,0
89,31,0,0.3997,4,3665.02,0,1
110,0,2,0.2148,2,2700.3,0,0
539,20,1,0.1191,4,13064.57,1,0
92,28,1,0.1747,2,6259.49,0,0
135,29,0,0.2169,0,9508.96,0,0
563,26,0,0.1459,3,12465.99,1,0
454,21,3,0.3007,5,1721.58,2,0
169,0,0,0.2539,5,593.22,0,0
417,26,1,0.0176,1,19248.38,0,1
361,0,0,0.0429,4,1449.48,1,0
263,0,1,0.2603,6,4394.96,0,0
211,21,4,0.0299,4,6579.13,1,0
405,0,5,0.6132,3,7335.16,0,0
101,0,1,0.26,2,20715.91,0,0
402,22,2,0.1199,3,18017.21,1,1
336,21,1,0.2869,4,10787.58,1,0
355,21,1,0.0348,2,16037.82,2,0
129,31,1,0.1082,3,2359.15,1,1
718,20,2,0.421,2,3293.87,0,0
169,32,2,0.0553,1,607111.59,0,0
193,19,0,0.1319,3,9729.48,4,0
255,18,0,0.4739,6,23293.89,0,0
454,33,3,0.569,0,2042.16,1,0
347,0,1,0.2345,3,19564.25,0,0
64,0,1,0.2193,1,5975.78,1,1
289,25,0,0.3061,4,4278.67,1,0
308,0,2,0.2779,5,66866.97,0,0
730,18,2,0.362,3,51514.35,1,0
227,32,0,0.3453,1,7834.95,2,0
426,29,1,0.4766,7,10900.08,0,0
1502,24,2,0.3829,1,5148.27,2,0
647,0,0,0.1927,4,2062.2,1,0
123,24,1,0.1372,1,9081.08,1,0
497,21,0,0.2338,2,10920.52,1,0
403,28,1,0.4292,2,28666.26,0,0
221,21,2,0.1501,5,16616.77,0,0
501,0,1,0.2441,8,2488.3,2,0
121,27,1,0.1303,4,701.57,0,0
172,0,3,0.2358,1,5579.95,1,0
257,0,0,0.1313,0,1751.57,0,1
212,32,2,0.136,3,7226.02,0,0
464,25,0,0.3137,2,14024.6,1,0
283,25,1,0.1,3,12159.38,0,0
195,27,1,0.5173,2,4801.6,0,0
639,26,0,0.1014,2,13467.21,0,0
451,26,2,0.5141,3,44260.39,0,0
78,0,0,0.3072,5,13412.5,1,0
76,23,2,0.317,1,12872.85,0,0
196,0,0,0.3202,3,4345.16,0,0
88,21,1,0.1618,3,10132.08,1,1
571,29,1,0.0615,3,52019.41,0,0
179,24,1,0.3675,0,7770.22,2,1
425,0,1,0.2068,3,5689.86,0,0
492,29,0,0.2809,1,36163.13,2,1
42,0,1,0.4461,1,6945.16,0,0
186,0,0,0.3745,2,17324.55,3,1
248,25,3,0.4477,1,10970.89,1,0
358,44,3,0.5438,5,15904.84,1,0
549,38,1,0.2559,4,23337.41,1,0
1182,28,1,0.156,2,39560.67,1,0
861,22,2,0.0985,4,30596.43,3,1
280,24,2,0.2414,7,49331.73,0,1
278,23,1,0.3645,4,6359.19,0,0
802,31,0,0.2296,1,2024.16,1,0
292,0,1,0.4419,5,7117.4,0,0
183,32,0,0.1627,5,271153.32,1,0
577,29,0,0.1065,1,7692.11,1,0
371,0,0,0.09,8,920.21,0,0
75,0,2,0.118,5,210773.65,3,0
228,0,2,0.2576,4,11005.68,2,0
91,18,1,0.1551,0,3191.85,0,1
16,29,2,0.2841,3,2145.11,0,1
941,21,3,0.4367,0,10402.79,4,0
322,26,1,0.3947,3,21679.47,1,1
235,29,1,0.1197,7,19827.28,0,0
195,0,4,0.126,0,25949.75,0,0
297,27,2,0.3125,2,1468.06,2,1
193,16,2,0.3053,7,2145.01,1,0
125,0,1,0.2529,2,8686.69,1,0
203,0,0,0.4582,2,34301.31,1,1
750,30,0,0.2787,4,5233.87,1,0
568,16,1,0.4858,2,563.21,0,0
203,33,1,0.4875,3,24360.95,1,0
1005,0,0,0.2914,4,315.54,0,0
278,0,1,0.3935,1,4813.61,0,1
152,0,2,0.2174,3,22494.64,0,0
383,34,2,0.3502,4,21654.43,1,0
830,25,1,0.4621,2,1198.18,0,0
726,21,1,0.3373,3,25873.16,0,0
158,24,3,0.2712,2,45545.36,0,0
103,0,0,0.1141,2,19326.3,0,0
218,35,2,0.1623,6,6566.48,0,0
431,13,1,0.4257,3,15400.22,0,0
517,21,3,0.1868,2,3631.85,1,0
658,21,1,0.1705,5,31989.49,0,0
335,0,0,0.2656,2,54431.86,0,0
343,30,0,0.4587,0,5272.39,2,0
326,16,0,0.2878,4,22431.95,3,0
600,0,0,0.3739,5,29821.61,1,0
523,33,1,0.3911,1,6670.27,0,0
153,27,0,0.5539,4,561.83,1,0
479,0,2,0.3047,4,10485.1,1,0
574,29,5,0.2611,6,211.69,0,1
606,27,1,0.0898,1,60929.28,2,1
372,32,0,0.2865,4,18085.47,2,0
357,21,2,0.2762,6,6438.73,0,0
287,0,0,0.3407,3,27382.97,0,0
310,26,3,0.2779,5,2120.09,1,0
905,30,0,0.3943,2,34349.93,1,0
318,0,0,0.1196,4,11400.65,1,0
164,29,2,0.3699,3,11648.99,1,1
377,26,1,0.4529,4,5202.87,1,0
509,0,0,0.2099,4,5956.83,0,0
589,32,1,0.0577,4,16602.51,3,0
124,18,2,0.0753,2,2817.11,0,0
784,28,1,0.1244,6,1859.32,0,0
496,21,1,0.2106,3,30126.33,3,0
755,28,0,0.4057,1,15504.47,1,0
85,25,0,0.1016,3,2586.41,0,0
622,0,0,0.3277,2,9281.86,1,0
118,22,3,0.2697,1,8614.55,1,1
239,22,2,0.118,1,3432.53,1,0
508,34,2,0.2649,1,10568.14,0,1
108,22,1,0.3044,5,7845.13,0,0
192,30,0,0.0928,3,23998.28,2,0
83,27,2,0.1507,5,13421.88,1,0
498,28,0,0.1703,2,4257.14,3,0
151,24,0,0.1634,4,4122.88,1,0
303,33,1,0.2153,5,13692.65,1,0
404,0,0,0.1674,1,939.09,0,1
374,0,1,0.3282,3,2098.04,0,0
350,33,0,0.1447,2,6498.78,2,0
349,17,0,0.3292,3,6918.85,0,0
89,24,0,0.2817,5,26593.18,0,0
250,0,1,0.3692,8,1484.56,1,0
347,25,2,0.1058,0,4743.72,1,0
320,22,0,0.2936,3,8032.14,2,0
273,30,0,0.0461,4,5501.97,0,1
169,40,5,0.4988,0,3308.47,2,0
368,33,0,0.3498,1,3778.51,1,0
419,0,3,0.2282,4,10973.43,1,0
213,0,3,0.3936,4,5844.62,1,0
591,0,1,0.3024,5,5151.37,0,0
795,0,3,0.2629,1,1970.79,1,1
308,20,1,0.3871,4,126049.98,0,0
156,0,4,0.4609,3,9655.69,1,0
106,25,1,0.2087,6,53767.54,3,1
237,27,0,0.4973,4,5785.16,1,0
291,17,0,0.1429,4,9378.99,0,0
101,21,1,0.2625,2,14914.72,0,0
231,21,1,0.3889,2,7006.32,0,0
570,24,0,0.059,3,9370.48,0,0
34,36,0,0.622,2,10768.27,3,0
322,18,0,0.3483,5,6253.03,1,1
191,27,0,0.0576,1,7187.33,1,0
298,18,2,0.3581,2,28038.26,1,0
824,0,3,0.4478,2,2530.47,2,0
287,21,1,0.0878,5,65751.23,2,0
256,28,0,0.7536,3,16345.92,1,0
476,0,0,0.1616,4,5747.05,0,0
372,0,3,0.2811,4,24182.25,1,0
323,0,1,0.2257,1,22354.95,0,0
382,0,2,0.1785,2,12107.92,1,0
678,0,1,0.088,4,7210.03,0,0
546,21,3,0.0184,6,1162.17,2,0
243,22,3,0.1589,3,3563.15,1,1
795,28,2,0.4234,5,8965.01,1,0
201,17,1,0.5056,3,14795.68,0,0
322,0,0,0.0636,1,9012.54,2,0
350,24,1,0.0363,3,13616.55,0,0
234,0,0,0.033,5,6167.48,1,0
739,21,2,0.1921,3,17889.46,0,0
225,25,0,0.338,3,111642.55,0,0
270,27,0,0.1242,5,10136.05,1,0
601,26,0,0.4036,4,7144.27,2,0
207,34,3,0.3183,0,8241.77,1,1
97,33,3,0.1624,3,22055.45,0,0
329,22,3,0.5094,3,7944.05,0,0
126,27,2,0.4575,3,21639.91,0,0
114,0,1,0.1703,4,25075.37,0,0
35,0,2,0.4549,2,71148.09,1,0
41,20,2,0.2443,1,14504.21,0,1
45,29,1,0.2472,2,9498.7,2,0
865,20,1,0.3735,2,12730.67,0,0
45,0,0,0.298,1,8363.9,1,1
123,0,1,0.1607,5,10477.79,1,0
274,27,3,0.3558,2,43763.51,5,1
462,0,0,0.2197,3,4782.52,2,0
495,20,1,0.3184,4,1747.33,0,1
156,0,0,0.361,2,9876.89,2,0
318,0,1,0.0634,3,10568.52,0,0
268,0,1,0.4268,4,27587.2,1,0
305,19,0,0.2862,0,6988.27,2,0
336,22,1,0.1933,3,4880.71,0,0
403,27,5,0.0188,2,4016.19,2,0
188,22,1,0.0325,5,3944.79,1,0
226,37,1,0.5864,5,3057.17,0,0
1149,21,3,0.1145,2,1976.35,1,0
198,34,1,0.3196,5,601.61,0,0
322,0,1,0.4082,2,22255.12,1,0
270,30,0,0.605,1,10505.14,1,1
313,25,2,0.5877,2,102966.14,3,0
611,24,0,0.5137,5,1409.57,2,0
258,16,3,0.1577,5,86198.01,0,0
109,25,0,0.0886,5,6838.85,2,1
185,23,3,0.1563,4,1220.13,0,1
258,0,1,0.0612,4,734.91,2,0
344,20,1,0.0377,1,4310.71,0,1
157,0,2,0.5034,3,24213.92,1,0
172,0,1,0.109,1,11263.97,0,1
353,26,3,0.0986,6,5250.09,1,0
362,23,0,0.4995,5,31799.57,0,0
554,22,2,0.2293,3,9413.73,0,0
183,16,0,0.4509,2,1223.85,1,0
431,27,0,0.4068,3,38264.97,0,0
270,22,2,0.3389,2,2333.09,1,0
205,20,0,0.1773,2,2266.02,1,0
277,25,1,0.2525,1,6255.31,2,0
307,0,0,0.3929,1,12145.7,1,1
99,26,1,0.3211,3,3751.92,1,1
106,21,0,0.0961,3,981.47,0,1
473,16,0,0.3684,2,3921.44,1,0
222,0,0,0.2895,5,26653.17,1,0
345,24,0,0.8159,1,8080.88,0,0
463,32,0,0.1905,3,31009.82,1,0
278,0,0,0.1459,2,15117.96,2,0
437,20,2,0.1227,4,4191.63,1,0
308,0,1,0.4314,0,3424.3,1,0
319,22,1,0.4605,6,10198.92,2,1
645,21,0,0.5491,3,10263.15,0,0
256,25,1,0.1804,8,9313.22,2,0
476,0,0,0.5169,4,10369.64,1,0
82,24,1,0.1723,1,6868.91,2,0
336,20,0,0.3127,5,7030.16,2,0
755,22,0,0.1133,3,3044.9,0,1
1203,24,1,0.3466,3,2275.52,2,1
86,29,0,0.291,1,19825.75,0,0
221,0,1,0.8302,7,2467.03,2,0
129,20,1,0.275,1,852.82,0,0
264,30,0,0.1162,4,5342.95,0,0
530,24,3,0.3407,4,11276.0,2,0
660,23,2,0.299,4,6618.18,0,0
675,0,3,0.4025,5,1930.54,2,0
79,0,5,0.4653,0,30450.52,3,1
302,30,3,0.1519,5,10703.65,0,0
180,26,2,0.0377,4,32469.91,1,0
252,0,3,0.263,3,7677.37,1,0
202,19,1,0.5336,2,14603.92,1,0
83,25,3,0.2197,4,2069.15,0,0
665,32,1,0.1551,2,203.51,2,0
158,34,2,0.1521,6,8451.19,1,0
183,25,2,0.5124,5,1627.91,0,0
758,29,3,0.2904,0,22971.46,0,0
69,29,2,0.3481,3,24619.86,1,0
399,23,0,0.3214,5,11771.43,1,0
581,28,0,0.1843,3,2957.75,0,0
719,0,1,0.1213,3,8005.31,0,0
380,21,0,0.2095,6,15745.73,0,0
483,0,1,0.1514,4,13185.96,1,0
581,18,0,0.2324,4,2696.62,0,1
267,32,0,0.3841,2,841.1,0,0
140,32,0,0.336,4,12740.46,1,0
796,20,0,0.2694,3,7914.86,0,0
447,0,1,0.1766,4,16095.13,1,0
301,21,1,0.1589,4,7912.36,0,1
87,25,3,0.2215,3,6686.05,2,0
26,0,1,0.438,3,6538.71,0,0
393,0,1,0.3769,3,5541.62,1,0
24,21,1,0.4738,1,144364.5,1,0
299,27,2,0.1658,3,6118.28,0,1
165,29,2,0.582,1,5483.35,0,1
201,0,0,0.2959,1,19315.73,0,0
680,20,1,0.5172,4,13909.19,0,0
166,35,1,0.2235,2,8994.06,1,0
310,16,2,0.3491,3,2893.66,1,0
167,20,3,0.5731,6,1679.84,1,0
368,0,2,0.2995,7,7586.87,1,0
331,31,1,0.5507,6,6422.34,2,1
299,0,2,0.4395,5,4441.87,1,0
582,24,1,0.1362,4,21110.71,0,1
69,0,1,0.0336,0,24569.72,1,1
51,0,2,0.4123,4,32281.67,1,0
104,34,2,0.2397,5,2366.87,2,0
332,0,2,0.2753,3,28174.58,2,0
413,22,2,0.217,0,834.22,0,0
8,25,1,0.1122,4,7581.97,2,0
410,18,0,0.4898,3,22821.05,0,0
225,0,1,0.1182,2,2356.65,0,1
809,25,2,0.1795,1,1625.95,2,0
389,21,0,0.241,1,7599.18,1,0
748,0,1,0.4212,2,58812.55,0,0
657,27,1,0.3578,4,62584.8,0,0
225,24,1,0.22,2,33163.71,0,0
532,25,1,0.439,4,2447.51,0,0
225,19,2,0.0921,2,8143.23,1,1
876,24,4,0.4847,7,118844.94,0,0
242,33,3,0.181,0,23951.51,1,0
427,33,1,0.2791,2,1265.73,0,0
985,0,1,0.1222,3,21301.97,1,0
441,18,0,0.0753,3,3356.65,0,0
207,28,0,0.0561,4,5742.99,0,0
92,19,3,0.2894,5,19869.78,1,1
69,22,0,0.1418,1,5251.59,0,1
408,0,0,0.2885,3,4353.29,1,0
277,21,0,0.1555,3,29630.13,1,1
105,0,1,0.3168,4,20057.58,2,0
493,24,0,0.3322,5,12119.19,1,0
488,12,0,0.4912,0,101818.36,0,0
273,0,1,0.5525,3,10502.99,0,0
770,26,1,0.3721,4,11975.69,1,0
56,28,0,0.3619,3,5581.01,0,0
213,28,0,0.1131,2,2548.64,1,0
439,17,2,0.2026,1,1483.27,2,0
117,21,3,0.2864,2,22886.23,0,0
527,22,2,0.3505,1,4765.15,0,0
636,0,1,0.0916,3,181061.69,0,0
15,0,1,0.3072,2,2813.65,1,1
787,0,1,0.1038,0,3278.3,0,0
420,35,1,0.3769,3,12128.87,0,0
193,23,2,0.2385,2,2374.79,0,0
76,25,0,0.235,3,1355.45,0,0
576,25,1,0.4682,1,18369.26,0,0
100,0,0,0.3235,3,588.82,0,0
420,27,0,0.1392,3,10348.46,1,1
104,32,0,0.1792,1,10613.73,0,0
294,0,0,0.3831,3,24883.56,0,0
559,14,1,0.1394,3,14495.0,2,1
195,0,1,0.3291,4,230779.06,0,0
784,32,3,0.2282,3,5181.87,0,0
446,23,1,0.387,0,1653.3,2,0
118,0,1,0.5988,2,221712.16,3,1
82,30,1,0.5455,0,9183.38,2,0
150,25,4,0.2678,3,2845.76,2,0
283,0,1,0.3922,3,1216.92,2,0
834,23,1,0.26,7,5566.79,0,0
940,25,1,0.2802,4,3182.69,2,0
189,0,0,0.2528,3,3216.97,2,0
184,33,0,0.5712,2,673.07,0,0
500,22,1,0.2134,5,5205.0,1,0
497,0,1,0.2589,3,13573.49,0,0
702,21,3,0.2445,4,2429.94,1,1
714,34,1,0.1108,4,4811.12,0,0
140,31,2,0.213,3,4529.86,0,0
66,0,1,0.4969,3,9038.33,0,0
451,0,3,0.2434,5,60443.22,2,0
346,29,1,0.2593,1,10435.18,1,0
34,24,2,0.1764,6,2022.19,2,1
64,0,1,0.4627,3,6983.57,0,0
436,24,1,0.2399,1,12445.89,0,0
264,29,0,0.0289,3,1866.12,1,0
443,26,2,0.2394,5,2700.13,1,0
110,28,0,0.3188,1,2642.92,1,1
466,22,0,0.2712,3,6470.22,0,0
378,35,3,0.5028,4,5161.47,1,0
490,33,0,0.0219,3,1073.09,3,0
201,19,0,0.3072,4,4033.19,1,0
166,13,1,0.5076,7,7764.55,0,0
76,35,1,0.1765,2,29357.08,1,0
229,21,3,0.2125,4,1651.68,0,1
617,26,2,0.2475,2,2688.34,4,0
736,23,0,0.1228,1,2070.16,0,0
101,26,0,0.1115,2,1132.28,4,1
283,0,3,0.3098,1,338.16,0,1
842,0,0,0.2754,1,13790.0,0,0
919,26,1,0.3018,5,9318.88,0,0
222,14,0,0.4515,1,13257.9,0,1
655,28,0,0.1362,4,11091.22,0,0
580,17,3,0.1177,2,4747.47,1,0
548,0,3,0.2368,5,3723.85,0,0
55,31,0,0.2177,2,28759.23,0,0
180,0,0,0.2208,1,17423.53,2,0
260,20,1,0.0857,1,6913.38,0,0
254,25,1,0.372,3,2429.87,1,0
281,29,4,0.2689,3,9019.47,0,1
986,25,0,0.2257,3,10178.94,1,0
228,0,2,0.5504,6,3803.84,0,0
391,0,2,0.2495,1,10763.76,1,0
381,27,2,0.308,3,16159.72,2,0
283,0,1,0.3915,3,13622.12,0,0
107,23,2,0.2921,3,25445.58,0,0
313,0,3,0.3013,3,22504.17,0,0
33,33,0,0.0635,4,27959.84,1,0
420,0,1,0.2831,4,4247.53,2,0
26,22,0,0.5189,3,20660.57,0,0
393,28,0,0.355,4,14421.77,0,0
172,0,1,0.0858,3,21446.09,0,0
122,25,1,0.4391,2,9349.89,0,0
505,0,0,0.2499,2,14497.61,0,0
207,26,1,0.3143,3,2381.79,1,0
301,0,0,0.1645,4,14214.01,1,0
57,23,0,0.6343,4,34871.14,1,0
773,0,0,0.1434,2,58695.39,0,0
324,25,1,0.3532,3,6981.96,0,0
324,23,1,0.364,5,69119.89,1,0
427,24,1,0.189,3,6654.85,1,0
12,30,3,0.0725,1,18658.11,0,1
825,0,0,0.2074,2,8740.13,1,0
221,28,1,0.7094,1,37186.75,0,0
793,22,2,0.3861,4,10349.91,2,0
215,22,4,0.0744,4,3943.07,0,0
176,23,2,0.4045,0,28205.92,0,1
406,28,3,0.3829,5,4470.55,0,0
1117,21,1,0.1161,2,11802.79,0,0
654,32,2,0.1371,3,1063.19,0,0
439,22,2,0.46,2,21869.42,0,0
401,24,1,0.3223,4,852.71,1,0
311,28,2,0.1545,3,4447.31,0,0
769,30,1,0.0523,3,1573.56,0,0
514,24,0,0.3529,4,2113.28,1,1
74,0,2,0.3809,2,7765.53,0,0
123,21,1,0.2584,2,3619.83,1,1
450,22,1,0.3679,1,19638.1,1,0
103,0,0,0.4362,3,6029.68,0,0
323,20,0,0.3696,6,9912.02,1,1
545,0,2,0.2559,4,3040.6,0,0
408,0,0,0.3467,2,19884.06,0,0
88,30,1,0.0962,4,10087.83,1,0
130,29,1,0.4284,0,15236.05,0,1
417,25,2,0.2125,4,20173.56,0,0
1038,0,1,0.3676,3,22866.18,0,0
273,30,0,0.1649,3,13339.54,2,1
558,0,2,0.4637,6,9984.74,1,0
410,32,1,0.5734,2,30494.6,0,1
170,0,1,0.0926,5,9854.12,0,0
563,24,0,0.1526,1,4933.82,1,0
55,0,1,0.5668,2,24350.63,1,1
534,0,1,0.2572,2,28434.78,0,0
429,28,2,0.2429,2,7619.16,0,0
185,22,2,0.082,1,17053.66,2,0
113,29,0,0.1484,1,13997.81,0,1
199,19,1,0.12,0,9025.11,2,1
159,18,0,0.2672,2,1389.53,1,1
238,0,2,0.444,0,2160.39,1,1
217,30,1,0.4343,3,5199.9,1,0
184,18,3,0.2177,2,8514.72,0,0
52,21,0,0.171,2,1974.52,0,0
97,32,1,0.5248,0,657.21,1,0
626,21,0,0.3696,3,7165.39,0,0
189,37,0,0.4001,2,8187.33,1,0
242,0,3,0.2734,0,22880.39,1,1
207,24,2,0.4428,4,82412.04,1,0
781,29,2,0.3427,3,1587.85,0,0
155,24,2,0.0726,3,12209.51,2,1
145,28,3,0.2557,4,140680.57,1,0
436,29,4,0.4245,5,1667.11,1,0
342,0,2,0.0572,1,2509.96,0,1
445,20,1,0.5095,1,26008.65,0,0
425,25,3,0.2607,3,10164.54,2,1
573,31,4,0.2411,4,11278.48,1,0
85,21,1,0.4062,6,17056.11,1,0
406,27,1,0.487,3,19689.9,1,1
146,0,1,0.0852,3,13470.22,4,0
35,0,2,0.3548,2,15595.95,0,0
423,22,0,0.4435,6,1924.01,0,0
405,25,1,0.1233,2,26331.15,0,0
292,27,3,0.2344,4,52928.57,2,1
580,0,2,0.3056,5,30673.31,1,0
147,0,1,0.4374,3,14750.68,3,0
473,0,1,0.0775,4,78005.37,1,0
260,24,1,0.0638,1,10138.73,0,0
276,0,2,0.5584,6,26678.29,2,0
42,0,0,0.188,0,61811.77,0,0
584,21,1,0.3434,4,5236.64,1,0
394,29,3,0.2364,5,39059.73,2,0
460,35,1,0.2963,1,2083.78,0,1
129,0,1,0.1671,3,2872.7,1,0
361,30,1,0.2194,3,2489.87,1,0
260,20,3,0.0573,2,614.51,0,0
409,23,3,0.0979,8,3429.75,0,0
349,0,1,0.249,1,8940.23,1,1
883,0,1,0.1771,1,5612.86,1,0
707,30,0,0.2677,4,1753.26,1,0
236,0,0,0.1307,4,420.36,0,0
422,19,1,0.3077,3,3292.69,0,0
221,23,1,0.3438,3,2925.83,0,0
569,0,3,0.0966,4,78716.56,1,0
268,0,0,0.3673,1,7918.93,0,1
196,0,0,0.2354,4,66456.83,0,0
357,28,1,0.1609,5,3427.34,2,0
670,0,2,0.2374,1,28627.04,0,0
600,14,3,0.4878,1,10861.22,2,0
206,0,0,0.2765,1,3064.02,0,0
832,26,1,0.147,3,11029.53,0,0
137,20,2,0.1015,2,6327.48,0,0
177,30,0,0.2702,4,5619.6,1,0
553,30,0,0.205,4,1104.45,0,0
35,24,1,0.3699,1,86158.89,0,0
302,30,2,0.2372,1,15546.67,0,0
236,33,1,0.1711,0,2130.05,0,0
865,16,1,0.2778,2,12942.52,3,0
115,0,0,0.207,4,5338.56,0,0
127,28,0,0.2327,2,43538.64,0,0
944,0,3,0.044,2,5711.93,0,0
238,33,2,0.0746,3,7669.06,1,0
652,0,1,0.2549,3,3825.88,2,0
208,0,2,0.1815,3,14440.08,1,0
171,21,1,0.2254,3,7944.94,0,0
674,20,2,0.1614,1,36303.28,2,0
1096,18,0,0.0563,3,11729.47,0,0
710,24,2,0.2607,5,152154.91,1,0
197,28,1,0.2888,5,6850.16,2,0
292,28,0,0.2942,1,3130.04,2,0
132,24,3,0.1538,1,3394.84,1,0
154,24,1,0.2721,3,3414.0,1,0
147,0,0,0.2067,9,3053.59,0,0
212,23,1,0.2444,3,50198.56,1,1
328,37,0,0.1277,5,5959.37,2,0
301,13,1,0.1705,3,11661.42,2,0
499,0,1,0.2592,2,1758.04,0,0
341,0,1,0.2943,2,8151.7,1,0
466,0,1,0.4464,0,490.78,0,0
519,27,2,0.57,6,12484.02,2,0
200,26,1,0.6077,4,4315.66,1,0
264,20,2,0.2609,4,55813.92,0,1
1825,0,2,0.1851,5,22044.14,0,0
186,25,0,0.1501,3,21462.8,0,1
485,27,0,0.1599,1,2859.19,2,0
92,30,3,0.1904,5,12631.1,1,1
529,21,1,0.3612,5,85756.03,0,0
161,0,1,0.0702,0,3285.75,2,1
309,28,0,0.652,1,2986.76,0,0
77,28,2,0.5392,4,8723.35,0,1
286,0,1,0.3208,5,11036.27,2,0
291,32,2,0.0814,1,18418.37,1,0
256,23,1,0.2238,2,15692.06,1,0
412,24,0,0.5927,5,10830.12,2,0
636,0,2,0.454,0,3509.79,0,0
127,0,0,0.6141,6,89330.5,2,0
261,23,0,0.1415,0,50740.11,1,1
47,0,1,0.1968,4,14586.64,2,0
338,34,0,0.0727,0,37425.38,1,0
118,21,3,0.1861,3,7982.8,0,0
299,31,0,0.438,1,1964.17,0,0
348,26,2,0.5613,3,24825.52,0,0
57,28,0,0.1615,7,1858.46,0,0
388,0,2,0.1974,6,102006.29,0,0
615,0,1,0.1647,5,2206.5,1,0
454,26,0,0.2986,4,46628.09,1,0
129,25,2,0.2306,2,81568.95,0,0
284,29,0,0.0436,2,1701.53,1,0
309,22,0,0.4307,6,1514.17,1,1
265,21,4,0.1527,3,15972.39,2,0
87,0,4,0.4796,2,55473.84,0,0
149,0,0,0.4303,2,20388.03,0,1
247,30,0,0.1081,4,3243.82,0,1
345,0,0,0.5223,2,56302.91,0,0
185,16,0,0.4607,3,129853.62,0,1
41,0,1,0.6013,3,2824.64,1,0
195,31,0,0.1876,0,14006.06,0,0
882,0,1,0.0537,5,18854.48,1,0
390,19,0,0.4383,3,6340.16,0,0
337,0,0,0.4233,4,3022.94,0,0
147,31,2,0.4385,4,2474.73,1,0
203,24,0,0.5749,5,1051.69,1,1
37,20,2,0.0994,1,25006.92,0,1
138,0,1,0.1397,1,4788.54,0,0
376,31,0,0.066,2,65050.77,1,0
339,26,1,0.0777,6,17017.08,3,0
171,0,1,0.1294,6,7999.2,1,0
265,18,0,0.2451,5,50486.91,2,0
301,28,2,0.1733,2,8061.92,1,1
179,28,3,0.2499,2,4481.44,0,1
407,28,3,0.1298,3,21228.13,0,1
335,20,0,0.4628,1,4507.48,0,0
209,24,3,0.5005,1,10641.84,0,0
93,31,1,0.1869,0,13294.6,1,0
197,26,3,0.1684,2,9228.73,0,0
186,25,1,0.3981,4,13534.84,1,0
170,0,2,0.0957,6,13557.01,1,0
60,13,1,0.2608,3,10608.83,2,1
730,27,2,0.1092,5,4504.8,1,0
706,0,2,0.1245,4,2443.41,4,0
258,0,0,0.1746,0,3474.44,1,0
344,0,0,0.1666,2,3747.14,1,1
402,0,1,0.4811,4,18543.73,1,0
261,23,1,0.1795,2,66622.7,0,0
362,20,6,0.3039,4,8336.31,0,0
443,24,2,0.3358,4,36749.13,0,0
325,28,1,0.3419,0,3610.52,2,1
499,28,0,0.1063,1,7043.33,1,0
165,27,2,0.2071,7,6830.11,0,1
284,27,0,0.2763,2,17053.83,2,1
1452,21,1,0.3185,3,3994.45,0,0
582,24,2,0.1663,2,20389.08,0,0
331,20,0,0.5051,3,12733.45,0,1
127,25,0,0.4382,1,10181.55,0,0
295,0,1,0.0855,0,4216.28,1,0
555,31,3,0.2496,1,1138.34,0,1
479,33,1,0.4136,2,4862.36,0,0
45,29,2,0.3176,7,20470.85,2,0
63,33,1,0.2222,1,998.23,0,0
66,23,1,0.2411,4,1252.9,1,0
406,0,1,0.1495,4,5852.13,1,0
67,25,1,0.2617,6,3001.01,2,1
122,29,3,0.3698,1,388782.72,0,0
253,18,2,0.2569,0,10965.27,0,0
620,27,1,0.1551,7,5058.19,1,1
420,27,3,0.525,5,32076.56,0,0
230,34,3,0.0895,4,7572.39,2,0
509,33,0,0.5051,6,7382.25,0,0
1055,20,2,0.1552,2,73091.08,0,0
297,27,0,0.2745,4,671.91,0,0
88,25,1,0.2058,3,2567.16,0,0
126,0,0,0.1146,2,15457.19,0,0
125,0,1,0.0809,1,2596.59,0,0
152,22,1,0.1342,5,2558.3,0,0
217,24,0,0.1028,1,22015.41,0,0
352,23,1,0.3059,4,3628.05,2,1
75,22,1,0.0543,1,12713.17,1,0
90,0,3,0.1027,0,6026.08,2,0
440,30,2,0.2013,5,12430.57,0,0
187,18,0,0.4662,5,7262.18,2,1
137,28,1,0.6086,2,22291.41,2,1
238,0,1,0.3216,7,25568.5,0,0
694,34,0,0.2828,1,3529.15,1,0
484,23,3,0.1065,2,1175.15,0,0
461,30,1,0.3856,6,6904.99,1,0
860,0,2,0.2707,1,4043.71,0,0
365,25,3,0.0204,6,3451.71,0,0
913,22,2,0.0958,3,1014.65,0,0
962,23,2,0.6567,2,4974.63,0,0
77,15,0,0.4422,2,8526.47,0,0
56,0,3,0.0123,6,3988.25,0,0
117,13,1,0.4235,0,7638.2,2,1
648,26,0,0.2882,1,17697.61,1,0
241,21,1,0.3365,3,44448.32,1,1
218,33,3,0.2705,2,51171.4,2,1
519,26,1,0.2285,8,3718.79,1,0
179,22,1,0.2355,3,3297.38,0,0
331,31,2,0.1515,1,1542.78,1,0
440,0,1,0.4595,6,21572.31,0,0
127,19,1,0.1294,6,10102.05,0,1
102,24,2,0.3999,2,44510.39,0,1
296,29,3,0.0807,1,10069.77,0,0
326,28,1,0.2373,5,4152.48,2,1
491,22,0,0.0863,3,7643.52,0,0
114,30,1,0.3498,2,6246.06,0,0
156,29,2,0.389,5,3418.17,0,0
955,0,0,0.0463,4,8977.09,5,0
573,22,1,0.5697,2,2836.93,1,0
260,24,1,0.3925,3,42954.65,1,0
637,20,0,0.3445,5,1026.84,1,0
115,21,1,0.1834,4,34318.52,0,1
236,19,0,0.223,0,4433.4,0,1
324,0,0,0.2059,0,248.21,3,1
215,0,2,0.2692,4,935.35,0,0
222,19,0,0.4369,3,7487.37,0,0
474,0,1,0.1982,4,4883.72,0,0
578,24,0,0.307,4,13220.19,2,0
197,0,0,0.4377,3,4864.94,2,0
82,30,2,0.2562,3,16208.73,3,0
65,22,2,0.4426,4,8206.27,1,1
32,24,3,0.0175,6,17699.93,4,1
851,19,1,0.2791,2,22925.84,3,0
475,0,0,0.0823,4,14892.65,4,0
404,17,0,0.0306,2,5668.85,0,1
176,31,0,0.2518,7,44650.16,2,0
175,25,0,0.4074,2,7473.2,0,0
592,0,1,0.1934,1,3387.04,0,0
56,23,1,0.5624,5,4862.33,1,1
204,19,1,0.1228,4,12874.78,1,0
651,24,0,0.3499,3,26808.66,0,0
204,27,1,0.0921,2,18028.07,0,0
458,33,1,0.1703,5,18093.29,1,0
268,31,2,0.1848,6,5202.31,1,0
10,26,1,0.291,6,29841.08,3,1
259,24,2,0.0967,8,8168.19,0,1
301,28,2,0.1667,2,4218.16,0,0
243,20,3,0.4499,0,818.6,0,0
97,33,2,0.3866,5,16754.11,4,1
246,20,1,0.141,6,4012.16,1,1
35,0,1,0.4004,5,2198.83,0,0
202,0,1,0.2915,2,1744.14,1,0
485,17,0,0.4289,1,23717.34,0,0
819,24,0,0.2195,2,9947.12,0,0
729,0,0,0.4251,4,14993.65,0,0
112,24,1,0.1458,1,6238.26,2,0
68,28,0,0.3792,2,8496.43,0,1
324,22,2,0.1509,3,7694.2,2,0
286,28,0,0.1081,5,2008.58,1,0
434,0,2,0.1024,2,21549.01,0,1
163,27,1,0.2623,5,2891.77,1,0
293,0,1,0.0244,0,4229.32,0,0
281,17,2,0.1322,3,12622.48,1,0
208,0,1,0.2771,6,28065.8,0,0
52,21,1,0.4304,3,3853.44,1,1
479,25,1,0.7729,6,20206.58,0,0
325,28,2,0.1808,2,12018.79,1,0
504,22,3,0.3918,5,6214.26,2,0
591,19,0,0.4228,3,7319.08,0,0
262,20,1,0.1818,2,7225.83,5,0
482,0,1,0.1689,3,10657.63,0,0
832,24,1,0.0535,1,32267.48,1,0
1017,28,2,0.1984,5,11501.93,3,0
356,30,1,0.1692,0,5842.86,0,0
377,29,2,0.2906,2,4715.74,0,0
351,23,1,0.5012,1,9601.05,0,0
423,22,0,0.0636,4,4583.91,1,0
573,0,4,0.2421,2,959.32,2,0
346,23,0,0.2695,3,32057.79,0,0
978,0,0,0.3832,3,6956.32,0,0
886,20,0,0.2818,2,6531.43,0,0
300,20,0,0.5183,3,40925.0,1,0
299,21,2,0.536,2,4378.89,0,1
195,0,1,0.2795,2,13510.95,1,1
440,27,1,0.3885,3,8060.05,1,0
223,28,2,0.1485,6,12252.97,0,0
187,20,2,0.1262,3,3957.53,1,1
433,25,0,0.0507,3,23967.76,0,0
106,25,0,0.2704,5,68269.4,2,0
580,24,3,0.2593,4,2631.98,0,0
446,0,1,0.4656,3,20155.48,2,0
855,26,0,0.3443,3,9364.65,1,0
361,16,1,0.3886,2,12601.44,0,1
496,29,0,0.3301,7,14138.94,1,0
543,0,1,0.0568,1,1801.43,0,0
690,24,4,0.1324,4,3136.22,1,0
331,27,3,0.1539,2,6048.9,0,0
194,15,1,0.4745,1,35167.13,2,0
367,0,1,0.3969,2,5628.14,0,0
580,32,2,0.191,4,14211.28,0,1
634,22,3,0.3672,1,8665.77,2,0
53,0,0,0.4784,3,8790.94,0,0
1603,25,4,0.1521,3,9725.03,2,0
188,27,1,0.4398,4,3049.29,0,1
502,26,0,0.4624,2,6735.2,1,0
744,0,1,0.4145,2,4958.4,2,1
279,35,2,0.4073,5,7566.22,0,0
652,0,3,0.1126,5,3589.53,2,0
52,26,1,0.271,2,71648.09,0,0
668,15,2,0.5366,6,1045.32,1,1
613,29,0,0.1576,1,1086.38,1,0
402,0,3,0.1719,4,13526.03,2,0
581,35,2,0.5439,1,21777.91,2,0
902,0,1,0.3629,5,55714.67,4,0
760,25,1,0.5079,2,5919.67,0,0
292,25,1,0.4115,4,8143.8,0,0
364,29,1,0.45,2,14786.34,4,1
254,18,2,0.4107,2,43522.97,0,0
228,0,0,0.2406,5,1681.54,1,0
541,0,0,0.5081,4,10219.95,0,0
252,32,2,0.5778,3,17470.96,0,0
540,17,1,0.5255,3,5428.15,0,0
279,0,1,0.2026,4,13632.76,0,0
312,28,0,0.2589,0,3886.19,1,0
146,31,1,0.3223,3,35074.32,1,0
530,32,1,0.0264,2,976.2,0,0
48,20,2,0.3138,5,5930.65,0,0
686,0,1,0.3555,4,16031.96,0,0
1236,0,1,0.2834,1,5733.62,0,0
320,28,0,0.2579,5,22588.19,1,0
309,26,1,0.2438,5,8812.51,1,0
69,14,2,0.2427,0,11631.68,0,1
198,33,1,0.3437,3,15962.29,2,1
586,0,2,0.0668,0,7609.02,0,0
645,32,0,0.0405,2,1111.74,2,0
352,23,3,0.1891,2,66361.43,2,0
562,0,0,0.6552,5,41802.22,0,0
149,24,2,0.2497,6,19312.12,0,0
415,30,2,0.5345,2,5244.25,1,0
809,24,2,0.2782,2,13855.91,0,0
476,21,0,0.3892,1,1020.62,0,0
893,0,2,0.2494,0,1242.16,0,1
912,26,1,0.3291,5,146085.4,1,0
435,32,2,0.3428,1,1830.55,0,0
2,0,2,0.0993,3,5630.5,0,1
635,24,0,0.2472,4,9635.19,0,0
96,17,1,0.1635,5,12257.46,0,1
12,26,0,0.238,1,8095.49,0,1
40,32,1,0.0762,2,5201.18,0,1
667,20,1,0.2563,2,7172.85,0,0
438,0,4,0.1319,2,31695.78,1,0
359,0,0,0.1166,4,17432.73,1,0
469,0,0,0.1323,4,18369.25,3,0
44,31,3,0.2842,5,791.19,1,1
253,25,1,0.2832,2,15233.22,0,1
172,18,1,0.2116,0,9437.39,2,0
338,0,0,0.1444,6,3779.86,2,0
348,0,0,0.3707,1,73848.09,0,1
454,27,0,0.174,2,1390.96,2,1
505,0,4,0.0045,2,7777.01,1,0
46,29,0,0.3284,5,33471.25,0,0
256,24,0,0.1161,1,9770.15,0,0
304,23,0,0.1471,3,769.52,3,1
93,28,1,0.1585,3,45666.98,1,1
83,18,2,0.621,5,1050.89,1,0
71,0,3,0.4335,0,1927.19,0,0
559,27,1,0.0243,4,25850.76,2,0
57,0,1,0.5217,5,2549.27,1,0
68,0,1,0.3432,4,5959.96,1,0
328,24,1,0.3595,1,2516.18,1,0
414,0,1,0.2179,3,8833.45,2,0
297,27,2,0.5662,4,34074.83,0,0
113,24,0,0.431,7,1219.16,1,1
85,14,3,0.6993,2,10846.45,2,0
321,30,0,0.075,2,1026.76,2,0
271,34,1,0.3439,5,100691.64,1,0
218,29,0,0.3322,1,2681.03,1,0
542,0,0,0.7964,1,15909.11,0,0
257,27,4,0.233,5,11515.47,2,0
77,0,1,0.4549,2,9530.69,3,1
219,0,1,0.4084,4,4782.89,0,0
449,0,1,0.2748,3,1566.98,3,0
245,24,0,0.1014,0,47493.76,0,0
443,29,0,0.3786,1,2612.06,1,0
509,31,0,0.1748,3,7031.87,0,0
258,37,1,0.4796,1,5346.14,0,0
296,16,2,0.3711,2,26361.06,0,0
232,22,4,0.3679,0,124143.9,0,1
450,0,2,0.2499,2,3576.31,1,0
226,0,3,0.0901,3,9577.0,1,0
419,27,0,0.0441,4,29444.27,0,0
352,0,1,0.067,5,40029.22,0,0
40,26,1,0.6756,2,6726.71,0,0
436,22,1,0.5367,2,7039.75,0,0
328,28,2,0.2967,5,37800.41,2,0
705,0,0,0.2657,2,884.54,0,0
98,22,2,0.3402,1,24195.06,2,0
357,22,1,0.1095,1,3105.66,1,0
200,22,1,0.3265,3,9689.04,2,0
46,26,1,0.3524,5,8733.76,1,0
30,27,1,0.4918,3,3910.62,1,1
804,21,4,0.6009,4,11765.96,1,0
357,0,0,0.6794,3,5273.28,0,0
251,25,0,0.3401,2,27287.59,0,1
63,30,3,0.2818,0,3229.77,0,0
772,0,0,0.1995,3,2308.8,2,0
157,27,3,0.5023,2,9256.37,2,0
370,28,3,0.2175,2,7426.25,0,0
318,24,0,0.165,3,49670.94,0,0
1025,0,0,0.4747,2,7856.77,1,0
290,27,2,0.5913,5,8090.18,1,0
189,0,2,0.2607,1,1899.1,0,1
361,32,1,0.277,5,10208.01,0,0
391,37,0,0.633,3,2057.95,0,0
1512,28,0,0.2224,0,6468.34,0,0
286,23,2,0.2465,4,2696.2,2,1
94,21,1,0.3863,4,15010.99,1,1
218,20,1,0.2043,2,7110.57,1,0
361,19,3,0.2627,1,32215.77,0,0
412,0,3,0.1925,6,2429.22,1,0
57,14,0,0.2664,1,8478.64,2,1
197,24,2,0.4826,5,9399.89,1,1
985,26,0,0.1963,2,6740.09,2,0
130,0,1,0.1472,5,29488.99,0,0
551,30,1,0.139,3,7355.77,2,0
224,0,1,0.0327,4,2284.32,1,0
300,22,1,0.5771,5,12927.68,1,0
65,23,0,0.423,0,68412.88,1,1
243,35,1,0.0755,0,3520.57,0,0
358,18,1,0.0943,5,7333.83,2,0
289,0,3,0.6231,2,10187.61,0,0
256,28,1,0.4002,2,24645.57,0,0
452,26,2,0.2646,2,19628.77,2,0
85,0,0,0.3989,5,9259.76,1,0
370,26,2,0.23,4,4832.5,2,1
27,23,1,0.1942,0,4547.82,0,1
661,20,1,0.336,3,14231.76,1,0
263,27,2,0.3708,0,3404.05,0,0
525,0,1,0.2241,4,1528.26,0,0
6,34,2,0.1733,1,6107.86,0,1
473,0,1,0.4542,0,4314.63,1,0
152,31,2,0.3908,4,5083.21,1,0
301,0,3,0.2904,3,15265.31,0,0
478,23,0,0.078,5,9005.59,1,0
280,0,4,0.4906,4,6087.49,2,0
438,0,0,0.1097,4,1938.61,1,0
227,0,1,0.0338,2,4970.68,1,1
698,29,1,0.2714,2,1155.87,2,0
262,0,2,0.2592,2,3181.15,2,1
266,0,1,0.1667,2,3069.5,0,0
270,0,0,0.4375,7,8175.35,1,0
295,33,1,0.1281,2,8646.31,1,0
89,23,1,0.2263,6,5967.12,2,1
126,22,0,0.416,4,2056.28,1,1
580,0,0,0.1922,4,1021.92,3,0
525,0,2,0.2654,1,40771.66,1,0
501,0,1,0.5376,5,2928.97,3,0
410,23,0,0.3548,4,5718.47,0,1
193,0,1,0.051,2,4535.63,1,0
176,0,4,0.1165,2,22761.82,2,1
285,0,0,0.0639,6,11491.85,0,0
644,27,1,0.2674,4,3427.18,2,0
342,18,1,0.2623,4,15038.77,2,1
120,0,4,0.169,5,1597.76,0,0
71,31,0,0.5781,3,7177.48,1,0
536,22,1,0.2101,1,220.46,0,0
786,29,2,0.4602,7,11801.89,1,0
53,0,0,0.1836,4,4867.42,0,0
549,29,3,0.4787,3,6173.56,1,0
402,25,0,0.3391,6,34534.28,1,0
147,23,0,0.1684,5,3294.23,0,0
346,21,0,0.6233,3,3469.37,0,0
102,0,1,0.2145,2,1357.62,2,1
246,19,2,0.3981,4,8577.3,1,1
297,20,1,0.3557,6,7462.52,0,0
693,0,1,0.291,3,19412.9,1,0
237,0,1,0.1169,1,7761.5,0,1
162,22,2,0.455,3,12102.81,2,0
380,0,2,0.235,6,15141.12,1,0
447,26,0,0.2469,5,12505.95,1,0
157,26,2,0.2551,3,6921.51,1,0
116,20,4,0.3476,5,15439.18,1,0
125,0,3,0.034,5,17571.23,1,0
695,19,1,0.209,1,26989.45,4,0
433,31,0,0.3079,3,124958.3,1,0
224,29,0,0.383,5,2443.68,0,0
617,0,0,0.3172,5,15080.4,0,0
156,0,1,0.0511,3,7950.0,0,0
276,0,3,0.2084,1,10309.74,0,0
100,0,1,0.435,3,20099.28,1,0
598,26,1,0.2038,3,10577.97,4,0
145,0,2,0.0722,3,2256.06,0,0
148,0,5,0.0685,3,4333.98,0,0
387,27,1,0.235,4,16115.28,0,0
23,0,1,0.1543,0,3194.97,1,1
79,0,2,0.3744,4,2159.02,1,0
490,24,2,0.0799,3,5628.02,2,0
124,25,4,0.6651,1,1430.08,2,0
